{
    "princess_message": "You're really getting it!\n\nNow how about adding some text?",
    "buffers": [{
        "buffer": "sky",
        "levelNumber": 11,
        "addX": 100,
        "addY": 100,
        "cursorX": 6,
        "cursorY": 15,
        "princess_message": "You're really getting it!\n\nNow how about adding some text?",
        "bg": ["                                                                        ", "                                                                        ", "                                                                        ", "                                                                        ", "                                                                        ", "                                                                        ", "                                                        ccccccc         ", "                                                        ccccccc         ", "                                                        c_____c         ", "                                                        c_WWW_c         ", "                                                        c_WWW_c         ", "                                                        c_WWW_c         ", "                                                        c_WWW_c         ", "cccccccccc                          ccccccccccccccccccccc__W__cc        ", "c########ccc                     cccc##########################c        ", "c##########+MMMMMMMMMMMMMMMM++MMMM######++++++++++++++++++++++#c        ", "c########ccc                     cccc###+++++++++++++++++++++##c        ", "c###cccccc                          c###++++++++++++++++++#####c        ", "c###c                               c###++++++++++++++++++++###c        ", "c###c                               c###++++++++++++++++++#####c        ", "c###c                               c###++++++++++++++#########c        ", "c###ccccccccccccccccccccccccc       c##########################c        ", "c###########################c       cccccccccccccccccccccccccccc        ", "c##+++++++++++++++++++######c                                           ", "c##++++++++++++++++#########c                                        M  ", "c###########################c                                       M M ", "cccccccccccccc#cccccccccccccc                           ccccccccccccMMMcccccccccccccc", "             c#c                                        c##########MMM##############c", "             c#c                                        c#+++++++++MMM+++###########c", "             c#c                                        c#+++++++++MM++++++++++#####c", "           ccc#cccccccccccccccccccccccccccccccc         c#+++++++++MM+++++++++######c", "           c##################################c         c#++++++++MMM+++++++########c", "           c#+++++++++++++++++++##############c         c#++++++++MM++##############c", "           c#++++++++++++++++++++++###########cc       cc#+++++++MM+++++++++++++++##c", "           c#+++++++++++++++++++###############++++     ##++++++MMM++###############c", "           c#+++++++++++++++++++++++##########cc       cc#++++++MM+++++++++++++#####c", "           c#++++++++++++++++++++++++++++#####c         c#+++++MM+##################c", "           c##################################c         c#++++MMM+++++++++++++++####c", "           ccc#cccccccccccccccccccccccccccccccc         c#++++MMM+++++++++++++++++##c", "             c#c                                        c#++++MM+++++++++++++++++++#c", "             c#c                                        c#+++MM+++++################c", "             c#c                                        c#+++MM++++++++++++++++++++#c", "           ccc#cccccccccccccccccccccccc                 c#++MMM+++++++++++++########c", "           c##########################c                 c###MM######################c", "           c#+++++++++++++++++++++++##c  M  MMMM        c##MM#######################c", "           c#++++++++++++++++++++#####c  MMMMMMMMMMMMMMMc#MMM#######################c", "           c#+++++++++++++++++########c   MMMMMMMMMMMMMMccMMccccccccccccccccccccccccc", "           c#+++++++++++++++++++++####c   MMMMMMMMMMMMMMM   MMMMMMMMM M              ", "           c##########################c   MMMMMMMMMMMMMMM        M M  M  MM   MMM    ", "           ccccccccccccccccccccccccc#cc   MMMMMMMMMMMMMMM   MMM     MM M  M ______ ", "                                   c#c    MMMMMMMMMMMMMMM    MM     M  MMM  _WWWW_ ", "                                   c#c   MMMMMMMMMMMMMMMM   MMMMMMMMM MMMMMM_WWWW_ ", "                                   c#c   MMMMMMMMMMMMMMM     M  M M    MMM c_WWWW_c", "                                   c#c   MMM MMMMMMMMMMccccMMM cM cMcc Mc  c___W__c", "                             +++++++++++++++++++++++    ####MMM#M##     #MM#######c", "                                                       ccc#+MMMMM++MM+MM M########c", "                                                          M+MMMMMMMMM+MM  MM######c", "                                                         MM MM++MMM+MMMMMM+#######c", "                                                         MM+MMMM+MMMMMMMMM   #####c", "                                                         MM# MM#M ######M  # #####c", "                                                         MMMcc   cccccccc  c  ccccc", "                                                            M", "                   ", "                     ", "                      "],
        "entities": [{
            "type": "pink_girl",
            "x": 10,
            "y": 24,
            "data": {
                "name": "c_button_girl",
                "message": "The 'c' key also unlocks\n'C' and 'cc'. Check out\nthe help on all of them.\n\nOh, and don't forget to\npress Esc to leave\ninsert mode!"
            },
            "invisible": true
        }, {
            "type": "keyboard_key",
            "x": 14,
            "y": 23,
            "character": "c",
            "invisible": true
        }, {
            "type": "boy",
            "x": 14,
            "y": 28,
            "data": {
                "name": "cw_body",
                "message": "When standing on a non-blank\ncharacter and using 'cw' the\nchange doesn't include spaces\nfollowing the word. This is\nbecause 'cw' is interpreted\nas change-word, and a word\ndoes not include the following\nwhite space."
            }
        }, {
            "type": "keyboard_key",
            "x": 14,
            "y": 46,
            "character": "s",
            "invisible": true
        }, {
            "type": "brown_girl",
            "x": 2,
            "y": 15,
            "data": {
                "name": "sky_welcome_girl",
                "message": "Welcome to the sky buffer!\n\nBuffers allow you to edit\nmultiple files at the same\ntime.\n\nYou can list current buffers\nby typing ':ls'. The active\nbuffer is marked with '%'\nand the buffer you came\nfrom is marked with '#'."
            }
        }, {
            "type": "cat_girl",
            "x": 2,
            "y": 20,
            "data": {
                "name": "edited_girl",
                "message": "Did you know that you\ncan paste text that\ndoesn't exactly match\nwhat you need and then\nfix it as you wish?\n\nGreen text on lighter green\nbackground can be fixed\nusing all the commands\nyou know so far."
            }
        }, {
            "type": "chest",
            "x": 60,
            "y": 9,
            "invisible": false
        }, {
            "type": "blue_door",
            "x": 59,
            "y": 13,
            "invisible": false
        }, {
            "type": "north_west_roof",
            "x": 57,
            "y": 8,
            "invisible": false
        }, {
            "type": "north_east_roof",
            "x": 61,
            "y": 8,
            "invisible": false
        }, {
            "type": "east_roof",
            "x": 61,
            "y": 12,
            "invisible": false
        }, {
            "type": "east_roof",
            "x": 61,
            "y": 10,
            "invisible": false
        }, {
            "type": "east_roof",
            "x": 61,
            "y": 11,
            "invisible": false
        }, {
            "type": "east_roof",
            "x": 61,
            "y": 9,
            "invisible": false
        }, {
            "type": "west_roof",
            "x": 57,
            "y": 9,
            "invisible": false
        }, {
            "type": "west_roof",
            "x": 57,
            "y": 10,
            "invisible": false
        }, {
            "type": "west_roof",
            "x": 57,
            "y": 11,
            "invisible": false
        }, {
            "type": "west_roof",
            "x": 57,
            "y": 12,
            "invisible": false
        }, {
            "type": "south_east_roof",
            "x": 61,
            "y": 13,
            "invisible": false
        }, {
            "type": "south_west_roof",
            "x": 57,
            "y": 13,
            "invisible": false
        }, {
            "type": "north_roof",
            "x": 58,
            "y": 8,
            "invisible": false
        }, {
            "type": "north_roof",
            "x": 59,
            "y": 8,
            "invisible": false
        }, {
            "type": "north_roof",
            "x": 60,
            "y": 8,
            "invisible": false
        }, {
            "type": "south_roof",
            "x": 58,
            "y": 9,
            "invisible": false
        }, {
            "type": "south_roof",
            "x": 59,
            "y": 9,
            "invisible": false
        }, {
            "type": "south_roof",
            "x": 60,
            "y": 9,
            "invisible": false
        }, {
            "type": "south_roof",
            "x": 58,
            "y": 10,
            "invisible": false
        }, {
            "type": "south_roof",
            "x": 59,
            "y": 10,
            "invisible": false
        }, {
            "type": "south_roof",
            "x": 60,
            "y": 10,
            "invisible": false
        }, {
            "type": "south_roof",
            "x": 58,
            "y": 11,
            "invisible": false
        }, {
            "type": "south_roof",
            "x": 59,
            "y": 11,
            "invisible": false
        }, {
            "type": "south_roof",
            "x": 60,
            "y": 11,
            "invisible": false
        }, {
            "type": "south_roof",
            "x": 59,
            "y": 12,
            "invisible": false
        }, {
            "type": "south_roof",
            "x": 60,
            "y": 12,
            "invisible": false
        }, {
            "type": "south_roof",
            "x": 58,
            "y": 12,
            "invisible": false
        }, {
            "type": "south_roof",
            "x": 58,
            "y": 13,
            "invisible": false
        }, {
            "type": "south_roof",
            "x": 59,
            "y": 13,
            "invisible": false
        }, {
            "type": "south_roof",
            "x": 60,
            "y": 13,
            "invisible": false
        }, {
            "type": "keyboard_key",
            "x": 60,
            "y": 9,
            "character": "i",
            "invisible": true
        }, {
            "type": "cat_girl",
            "x": 35,
            "y": 45,
            "data": {
                "name": "cc_and_S",
                "message": "'cc' (which is synonym for 'S')\ndeletes whole lines just like\n'dd' does, but it also enters\ninsert mode so you can add\ntext instead of these lines."
            }
        }, {
            "type": "pink_girl",
            "x": 47,
            "y": 18,
            "data": {
                "name": "switch_buffer_girl",
                "message": "To get back to the ground\nbuffer and continue your\nquest, use the :b command.\n\nTo switch buffers you can\nuse ':b buffer_name' or\n':b buffer_number' when the\nnumber is the index of the\nbuffer in the output of :ls.\n\nYou can also type :b# to\nswitch to the last buffer\nbefore the current one\n(the one marked with '#')."
            },
            "invisible": true
        }, {
            "type": "brown_girl",
            "x": 59,
            "y": 10,
            "data": {
                "name": "i_vs_I_girl",
                "message": "The difference between 'i'\nand 'I' is that 'i' enters insert\nmode before the current\nposition, whereas 'I' enters\ninsert mode at the (soft)\nbeginning of the current line\n(i.e. before the first\nnon-space character)."
            }
        }, {
            "type": "keyboard_key",
            "x": 69,
            "y": 55,
            "character": "a",
            "invisible": true
        }, {
            "type": "boy",
            "x": 79,
            "y": 57,
            "data": {
                "name": "a_vs_A_boy",
                "message": "'a' (short for append)\nenters insert mode after\nthe current position while\n'A' enters insert mode\nat the end of the\ncurrent line.\n\nThis should be helpful,\nI guess..."
            }
        }, {
            "type": "blue_door",
            "x": 79,
            "y": 53,
            "invisible": false
        }, {
            "type": "brown_girl",
            "x": 79,
            "y": 51,
            "data": {
                "name": "oO_girl",
                "message": "'o' and 'O' open a new line\nand start insert mode either\nbefore ('O') or after ('o')\nthe current line."
            }
        }, {
            "type": "keyboard_key",
            "x": 78,
            "y": 51,
            "character": "o"
        }, {
            "type": "west_roof",
            "x": 76,
            "y": 51,
            "invisible": false
        }, {
            "type": "west_roof",
            "x": 76,
            "y": 52,
            "invisible": false
        }, {
            "type": "west_roof",
            "x": 76,
            "y": 50,
            "invisible": false
        }, {
            "type": "east_roof",
            "x": 81,
            "y": 51,
            "invisible": false
        }, {
            "type": "east_roof",
            "x": 81,
            "y": 52,
            "invisible": false
        }, {
            "type": "east_roof",
            "x": 81,
            "y": 50,
            "invisible": false
        }, {
            "type": "south_west_roof",
            "x": 76,
            "y": 53,
            "invisible": false
        }, {
            "type": "south_east_roof",
            "x": 81,
            "y": 53,
            "invisible": false
        }, {
            "type": "north_west_roof",
            "x": 76,
            "y": 49,
            "invisible": false
        }, {
            "type": "north_east_roof",
            "x": 81,
            "y": 49,
            "invisible": false
        }, {
            "type": "north_roof",
            "x": 80,
            "y": 49,
            "invisible": false
        }, {
            "type": "north_roof",
            "x": 79,
            "y": 49,
            "invisible": false
        }, {
            "type": "north_roof",
            "x": 78,
            "y": 49,
            "invisible": false
        }, {
            "type": "north_roof",
            "x": 77,
            "y": 49,
            "invisible": false
        }, {
            "type": "south_roof",
            "x": 77,
            "y": 50,
            "invisible": false
        }, {
            "type": "south_roof",
            "x": 77,
            "y": 51,
            "invisible": false
        }, {
            "type": "south_roof",
            "x": 77,
            "y": 52,
            "invisible": false
        }, {
            "type": "south_roof",
            "x": 77,
            "y": 53,
            "invisible": false
        }, {
            "type": "south_roof",
            "x": 78,
            "y": 52,
            "invisible": false
        }, {
            "type": "south_roof",
            "x": 78,
            "y": 53,
            "invisible": false
        }, {
            "type": "south_roof",
            "x": 78,
            "y": 51,
            "invisible": false
        }, {
            "type": "south_roof",
            "x": 78,
            "y": 50,
            "invisible": false
        }, {
            "type": "south_roof",
            "x": 79,
            "y": 50,
            "invisible": false
        }, {
            "type": "south_roof",
            "x": 80,
            "y": 50,
            "invisible": false
        }, {
            "type": "south_roof",
            "x": 80,
            "y": 51,
            "invisible": false
        }, {
            "type": "south_roof",
            "x": 79,
            "y": 51,
            "invisible": false
        }, {
            "type": "south_roof",
            "x": 79,
            "y": 52,
            "invisible": false
        }, {
            "type": "south_roof",
            "x": 80,
            "y": 52,
            "invisible": false
        }, {
            "type": "south_roof",
            "x": 80,
            "y": 53,
            "invisible": false
        }, {
            "type": "south_roof",
            "x": 79,
            "y": 53,
            "invisible": false
        }, {
            "type": "cat_girl",
            "x": 66,
            "y": 37,
            "data": {
                "name": "bridge_to_arrow_girl",
                "message": "Now we know for sure - the bugs\nare going after the sacred\ntexts in the underground tunnels\nbelow Textland.\n\nYou must hurry! To get there\nyou should first reach Arrow\nIsland, and figure out how\nto continue from there.\n\nI'll ask my friends to build\nyou a bridge to Arrow Island\nby the time you get there!\n\nGood luck!"
            },
            "invisible": true
        }, {
            "type": "plus_minus",
            "x": 67,
            "y": 38,
            "data": {
                "name": "bridge_to_arrow_island_changes",
                "changes": [{
                    "action": "bgChange",
                    "buffer": "ground",
                    "level": {
                        "addX": 336,
                        "addY": 469,
                        "bg": ["SSSSS", "....+", "SSSSS"]
                    }
                }]
            },
            "invisible": true
        }, {
            "type": "brown_girl",
            "x": 15,
            "y": 35,
            "data": {
                "name": "cw_and_yank",
                "message": "After using the red key, it's\ngood to remember that text\ndeleted with change ('c', 'cc',\nor 'C) or substitute ('s' or 'S')\ncommands is automatically\nyanked into the relevant\nregister ready to be pasted."
            },
            "invisible": true
        }],
        "textareas": [{
            "x": 3,
            "y": 23,
            "limit": 17,
            "shouldClean": " ",
            "alwaysSink": false,
            "text": "^*4.You .^rush a miracle man,\nyou get rotten ^*8.miracles.^."
        }, {
            "x": 13,
            "y": 32,
            "limit": 46,
            "shouldClean": " ",
            "alwaysSink": false,
            "text": "press ^*3.Esc.Ctrl+1, blink\ntwice, press Alt+X and\nsay a little prayer^\nto exit ^*11.insert mode.the open window^\nand ^*9.return to.leave^ command ^*4.mode.& conquer^."
        }, {
            "x": 13,
            "y": 44,
            "limit": 0,
            "shouldClean": " ",
            "alwaysSink": false,
            "text": "Made a ^dterrible ^mistake\nwhile ^*7.editing.deleting^ text^r?!\nUse ^*9.Backspace.Ctrl^ or ^*6.Delete.Shift^\n^*10.to fix it..to make a bigger one!^"
        }, {
            "x": 11,
            "y": 15,
            "limit": 10,
            "shouldClean": " ",
            "alwaysSink": false,
            "text": "Grey. Gandalf the ^*5.White.Grey^"
        }, {
            "x": 40,
            "y": 15,
            "limit": 0,
            "shouldClean": " ",
            "alwaysSink": false,
            "text": "What? Probab^xil^dit^y some\n^*16.local fisherman,.vegetarian dinosaurs,^\nout for a pleasure\ncruise, at ^*1.n*fl^ight...\nin... eel-infested\n^*9.waters....volcanic lava!^"
        }, {
            "x": 29,
            "y": 54,
            "limit": 8,
            "shouldClean": " ",
            "alwaysSink": false,
            "text": "^*4.Elem.^entary, my dear Watson."
        }, {
            "x": 47,
            "y": 34,
            "limit": 6,
            "shouldClean": " ",
            "alwaysSink": false,
            "text": "D'oh^*5.!!!!!.^"
        }, {
            "x": 58,
            "y": 28,
            "limit": 0,
            "shouldClean": " ",
            "alwaysSink": false,
            "text": "For^*10. instance,.mally^ on the\nplanet ^rEearth, man had\nalways assumed that ^*2.he.^\n^*20.was more intelligent.was far less smart^\nthan ^*9.dolphins .^because\nhe had achieved so much-\n^*4.the .^wheel, New ^*5.York,.^\nwars and so on-whilst\n^*4.all .^the ^*9.dolphins .^had ^*4.ever.^\ndone was muck about in\nthe water having a ^*4.good.lousy^\ntime. But conversely, the\n^*9.dolphins .^had always\n^*23.believed that they were.^\nfar more intelligent than\nman-for precisely ^*3.the.^\n^*13.same reasons..^"
        }, {
            "x": 59,
            "y": 55,
            "limit": 35,
            "shouldClean": " ",
            "alwaysSink": false,
            "text": "You've ^*4.got .^to ask\n^*9.yourself .^one question:\n'Do ^*2.I .^feel lucky?'\n^*4.Well.^, do ya, punk?"
        }]
    }, {
        "buffer": "ground",
        "addX": 271,
        "addY": 445,
        "bg": ["                                                                        ", "                                                                        ", "                                                                        ", "                                                                        ", "                                                                        ", "                                                                        ", "                                                                        ", "                                                                        ", "                                                                        ", "                                                                        ", "                                                                        ", "                                                                        ", "                                                               ggggggggggggggggggggg", "                                                               ggggggggggggggggggggg", "                                 wwww   www    wwwwwwww        g...++++++++++++ggggg", "                          wwwwww wwwwwwwwMwwwwwwwMwwwwwwwww    g.gg++++++++++++++ggg", "                          wwwMMwwMMwwMMwMMMwMwwwMMMwwMwwwww    g.ggggggggggggggggggg", "                          wwMMMMMMMMMMMMMMMMMMMMMMMMMMMwwww    g.ggggggggggggggggggg", "                          wwM+MMMMM+MMMMMMMMMMMMMMMMMMMwwwww   g.ggggggggggggggggggg", "                          wMMMMMMMM+MMMMMMMMMMMMMMMMMMMwwwww   g.ggggggggggggggggggg", "                          wMMMMMMMMMMMMMMMMMMMMMMMMMMMMMwwMww  g.ggggggggggggggggggg", "                          wwM+MMMMM+MMMMMMMMMMMMMMMMMMMMMMMMww g.ggggggggggggggggggg ", "                         wwwMMMMMMMMMMMMMMMMMMMMMMMMMMMMMMMMMw g.gwwwwwwwwwwwwwwwwwwwwwww", "   +++++++++++++++++++   wwMM+MMMMMMMMMMMMMMMMMM+MMMMMMMMMMMMw g.gwwwwwwwwwwwwwwwwwww+www", "   ++++++++++++++    wwwwwwwMMMMMMMMMMMMMMMMMMMMMMMMMMMMMMMMMggg.gwwwwwwwwwwwwwwwwwww++ww", "   +++++++++++++++   w   wwwM+MMMMMMMMMMMMMMMMMMMMMMMMMMMMMMM....gwww+++++++++++++++++++w", "   ++++++++++++++++++++    wwgMMMMMMMMMMMMMMMMMMMMMMMMMMMMMMMg.gggwwwwwwwwwwwwwwwwwww++ww", "   +++++++++++++++++++++   wwgMMMMMMMMMMMMMMMMMMMMMMMMMMMMMMMg.gggwwwwwwwwwwwwwwwwwww+www", "   g.g           g.g         gMMMwMMMMMMMMMMMMMMwwwMMMMwwMMwwg.gggwwwwwwwwwwwwwwwwwwwwwww", "   g.g           g.g         g.MwwwwMMMMwwMMwwwwwwwMwwgggggggg.ggggggggggggggggggggg", "   g.g           g.g         g.gwwwwMMMwwwwwwwww   wwwgggggggg.ggggggggggggggggggggg", "   g.g           +++++++++++++++++++www     wwww      gg++++++++++++++++gggggggggggg", "   g.g           +++++++++++++++                      gg+++++++++ggggggggggggggggggg", "   g.g           ++++++++++++                         gg++++++++++++++++gggggggggggg", "   g.g           +++++++++++++++                      gggggggggggggggggggggggggggggg", "   S.S                                                gggggggggggggggggggggggggggggg", "   g.g                                                gggggggggggggggggggggggggggggg", "   g.g                                                gggggggggggggggggggggggggggggg", "   g.g", "   g.g"],
        "entities": [{
            "type": "blue_key",
            "x": 6,
            "y": 25,
            "invisible": true
        }, {
            "type": "small_brown_key",
            "x": 20,
            "y": 31,
            "invisible": true
        }, {
            "type": "blue_key",
            "x": 48,
            "y": 23,
            "invisible": true
        }, {
            "type": "pink_girl",
            "x": 30,
            "y": 29,
            "data": {
                "name": "voices_below",
                "message": "Recently I've started hearing\nvoices from under the ground...\n\nIt's either I'm going crazy, or\nthe bugs somehow figured a\nway to reach the sacred text\ncaves beneath, and we'll all\nsoon be doomed!\n\nYou must hurry!"
            }
        }, {
            "type": "cat_girl",
            "x": 74,
            "y": 25,
            "data": {
                "name": "going_under_girl",
                "message": "Go ahead!\nType it in :)"
            },
            "invisible": true
        }, {
            "type": "boy",
            "x": 61,
            "y": 32,
            "data": {
                "name": "under_second_word",
                "message": "To reach the underground buffer\nthe second word on Arrow Island\nshould be \"underground\" instead\nof \"Sesame\".\n\nI'm not sure about the first word\nthough."
            },
            "invisible": true
        }, {
            "type": "brown_girl",
            "x": 72,
            "y": 15,
            "data": {
                "name": "underground_first_word",
                "message": "To reach the sacred texts below\nthe ground, you should use the\nedit command in VIM.\n\nIt means that the first word\non Arrow Island should be \":e\".\n\nUnfortunately, I don't know\nwhat the second word should be."
            },
            "invisible": true
        }, {
            "type": "boy",
            "x": 4,
            "y": 35,
            "data": {
                "name": "bugs_hiding",
                "message": "Where have you gone?\nI could have sworn I saw\nyou talking with the\nprincess and then you\nsimply vanished!\n\nComing to think of it,\nthe bugs have also\ndisappeared suddenly...\nThey left everything in\nruins, but I don't know\nwhere they are now, and\nit freaks me out!"
            }
        }, {
            "type": "red_key",
            "x": 75,
            "y": 25,
            "invisible": true
        }],
        "textareas": [{
            "x": 3,
            "y": 23,
            "areas": [{
                "i": 0,
                "j": 2,
                "startX": 5,
                "startY": 23,
                "type": "d",
                "rawStart": 2,
                "hidden": false,
                "eols": 0,
                "endX": 7,
                "endY": 23,
                "rawEnd": 7
            }, {
                "i": 0,
                "j": 15,
                "startX": 18,
                "startY": 23,
                "type": "r",
                "rawStart": 18,
                "hidden": false,
                "eols": 0,
                "endX": 18,
                "endY": 23,
                "originalLetter": "s",
                "rawEnd": 20
            }, {
                "i": 1,
                "j": 5,
                "startX": 8,
                "startY": 24,
                "type": "*",
                "rawStart": 31,
                "hidden": false,
                "eols": 0,
                "originalLength": 2,
                "originalText": "wa",
                "inplace": false,
                "endX": 8,
                "endY": 24,
                "rawEnd": 39
            }, {
                "i": 2,
                "j": 7,
                "startX": 10,
                "startY": 25,
                "type": "*",
                "rawStart": 56,
                "hidden": false,
                "eols": 0,
                "originalLength": 10,
                "originalText": "chocolates",
                "inplace": false,
                "endX": 16,
                "endY": 25,
                "rawEnd": 79
            }, {
                "i": 3,
                "j": 4,
                "startX": 7,
                "startY": 26,
                "type": "*",
                "rawStart": 86,
                "hidden": false,
                "eols": 0,
                "originalLength": 5,
                "originalText": "never",
                "inplace": false,
                "endX": 12,
                "endY": 26,
                "rawEnd": 102
            }, {
                "i": 3,
                "j": 16,
                "startX": 19,
                "startY": 26,
                "type": "r",
                "rawStart": 109,
                "hidden": false,
                "eols": 0,
                "endX": 19,
                "endY": 26,
                "originalLetter": "w",
                "rawEnd": 111
            }, {
                "i": 4,
                "j": 14,
                "startX": 17,
                "startY": 27,
                "type": "*",
                "rawStart": 131,
                "hidden": false,
                "eols": 0,
                "originalLength": 2,
                "originalText": "et",
                "inplace": false,
                "endX": 22,
                "endY": 27,
                "rawEnd": 144
            }],
            "limit": 0,
            "shouldClean": " ",
            "alwaysSink": false,
            "text": "Ma^dhat^ma always ^rspaid\nlife ^*2.wa.i^s like a\nbox of ^*10.chocolates.cookies^.\nYou ^*5.never.always^ know ^rwthat\nyou're gonna g^*2.et.o nuts^."
        }, {
            "x": 17,
            "y": 31,
            "areas": [{
                "i": 0,
                "j": 4,
                "startX": 21,
                "startY": 31,
                "type": "*",
                "rawStart": 4,
                "hidden": false,
                "eols": 0,
                "originalLength": 2,
                "originalText": "15",
                "inplace": false,
                "endX": 21,
                "endY": 31,
                "rawEnd": 12
            }, {
                "i": 0,
                "j": 6,
                "startX": 23,
                "startY": 31,
                "type": "*",
                "rawStart": 14,
                "hidden": false,
                "eols": 0,
                "originalLength": 2,
                "originalText": "16",
                "inplace": false,
                "endX": 27,
                "endY": 31,
                "rawEnd": 26
            }, {
                "i": 0,
                "j": 13,
                "startX": 30,
                "startY": 31,
                "type": "x",
                "rawStart": 29,
                "hidden": false,
                "eols": 0,
                "endX": 30,
                "endY": 31,
                "rawEnd": 31
            }, {
                "i": 0,
                "j": 16,
                "startX": 33,
                "startY": 31,
                "type": "*",
                "rawStart": 34,
                "hidden": false,
                "eols": 0,
                "originalLength": 2,
                "originalText": "42",
                "inplace": false,
                "endX": 31,
                "endY": 34,
                "rawEnd": 89
            }],
            "limit": 22,
            "shouldClean": " ",
            "alwaysSink": false,
            "text": "4 8 ^*2.15.9^ ^*2.16.sweet^ 2^x+3 ^*2.42.The\nanswer to life,\nthe universe\nand everything.^"
        }, {
            "x": 29,
            "y": 18,
            "areas": [{
                "i": 0,
                "j": 0,
                "startX": 29,
                "startY": 18,
                "type": "*",
                "rawStart": 0,
                "hidden": false,
                "eols": 0,
                "originalLength": 14,
                "originalText": "Hakuna Matata!",
                "inplace": false,
                "endX": 28,
                "endY": 18,
                "rawEnd": 20,
                "emptyLine": true
            }, {
                "i": 0,
                "j": 7,
                "startX": 36,
                "startY": 18,
                "type": "*",
                "rawStart": 29,
                "hidden": false,
                "eols": 0,
                "originalLength": 9,
                "originalText": "wonderful",
                "inplace": false,
                "endX": 35,
                "endY": 18,
                "rawEnd": 43
            }, {
                "i": 1,
                "j": 0,
                "startX": 29,
                "startY": 19,
                "type": "*",
                "rawStart": 52,
                "hidden": false,
                "eols": 0,
                "originalLength": 14,
                "originalText": "Hakuna Matata!",
                "inplace": false,
                "endX": 28,
                "endY": 19,
                "rawEnd": 72,
                "emptyLine": true
            }, {
                "i": 1,
                "j": 6,
                "startX": 35,
                "startY": 19,
                "type": "*",
                "rawStart": 80,
                "hidden": false,
                "eols": 0,
                "originalLength": 2,
                "originalText": "no",
                "inplace": false,
                "endX": 34,
                "endY": 19,
                "rawEnd": 87
            }, {
                "i": 3,
                "j": 0,
                "startX": 29,
                "startY": 21,
                "type": "*",
                "rawStart": 105,
                "hidden": false,
                "eols": 0,
                "originalLength": 2,
                "originalText": "It",
                "inplace": false,
                "endX": 28,
                "endY": 21,
                "rawEnd": 112
            }, {
                "i": 3,
                "j": 7,
                "startX": 36,
                "startY": 21,
                "type": "*",
                "rawStart": 120,
                "hidden": false,
                "eols": 0,
                "originalLength": 2,
                "originalText": "no",
                "inplace": false,
                "endX": 35,
                "endY": 21,
                "rawEnd": 127
            }, {
                "i": 5,
                "j": 0,
                "startX": 29,
                "startY": 23,
                "type": "*",
                "rawStart": 163,
                "hidden": false,
                "eols": 0,
                "originalLength": 2,
                "originalText": "It",
                "inplace": false,
                "endX": 28,
                "endY": 23,
                "rawEnd": 170
            }, {
                "i": 5,
                "j": 20,
                "startX": 49,
                "startY": 23,
                "type": "*",
                "rawStart": 191,
                "hidden": false,
                "eols": 0,
                "originalLength": 10,
                "originalText": "philosophy",
                "inplace": false,
                "endX": 48,
                "endY": 23,
                "rawEnd": 207
            }],
            "limit": 0,
            "shouldClean": " ",
            "alwaysSink": false,
            "text": "^*14.Hakuna Matata!.^\nWhat a ^*9.wonderful.^ phrase\n^*14.Hakuna Matata!.^\nAin't ^*2.no.^ passing craze\n \n^*2.It.^ means ^*2.no.^ worries\nfor the rest of your days\n^*2.It.^'s our problem-free ^*10.philosophy.^\n \nHakuna Matata!"
        }, {
            "x": 56,
            "y": 31,
            "areas": [{
                "i": 0,
                "j": 0,
                "startX": 56,
                "startY": 31,
                "type": "*",
                "rawStart": 0,
                "hidden": false,
                "eols": 0,
                "originalLength": 8,
                "originalText": "You mean",
                "inplace": false,
                "endX": 55,
                "endY": 31,
                "rawEnd": 13,
                "emptyLine": true
            }, {
                "i": 1,
                "j": 0,
                "startX": 56,
                "startY": 32,
                "type": "*",
                "rawStart": 32,
                "hidden": false,
                "eols": 0,
                "originalLength": 9,
                "originalText": "all I had",
                "inplace": false,
                "endX": 55,
                "endY": 32,
                "rawEnd": 46,
                "emptyLine": true
            }, {
                "i": 2,
                "j": 0,
                "startX": 56,
                "startY": 33,
                "type": "*",
                "rawStart": 58,
                "hidden": false,
                "eols": 0,
                "originalLength": 8,
                "originalText": "click my",
                "inplace": false,
                "endX": 55,
                "endY": 33,
                "rawEnd": 71,
                "emptyLine": true
            }],
            "limit": 35,
            "shouldClean": " ",
            "alwaysSink": false,
            "text": "^*8.You mean.^\nthis whole time,\n^*9.all I had.^\nto do was\n^*8.click my.^\nheels together?!"
        }, {
            "x": 67,
            "y": 14,
            "areas": [{
                "i": 0,
                "j": 0,
                "startX": 67,
                "startY": 14,
                "type": "*",
                "rawStart": 0,
                "hidden": false,
                "eols": 0,
                "originalLength": 36,
                "originalText": "Just beat it\nBeat it\nBeat it\nBeat it",
                "inplace": false,
                "endX": 66,
                "endY": 14,
                "rawEnd": 42,
                "emptyLine": true
            }],
            "limit": 22,
            "shouldClean": " ",
            "alwaysSink": false,
            "text": "^*36.Just beat it\nBeat it\nBeat it\nBeat it.^\nNo one wants\nto be defeated"
        }, {
            "x": 70,
            "y": 25,
            "areas": [{
                "i": 0,
                "j": 0,
                "startX": 70,
                "startY": 25,
                "type": "*",
                "rawStart": 1,
                "hidden": true,
                "eols": 0,
                "originalLength": 2,
                "originalText": ":e",
                "inplace": false,
                "endX": 73,
                "endY": 25,
                "rawEnd": 12
            }, {
                "i": 0,
                "j": 6,
                "startX": 76,
                "startY": 25,
                "type": "*",
                "rawStart": 16,
                "hidden": true,
                "eols": 0,
                "originalLength": 11,
                "originalText": "underground",
                "inplace": false,
                "endX": 82,
                "endY": 25,
                "rawEnd": 40
            }],
            "limit": 0,
            "shouldClean": " ",
            "alwaysSink": false,
            "text": "^h*2.:e.Open^  ^h*11.underground.Sesame!^"
        }]
    }]
}