{
    "levelNumber": 7,
    "addX": 207,
    "addY": 238,
    "princess_message": "Nicely done!\n\nBut in order to beat the bugs,\nyou need greater control over\nwhere you can reach within the\nline...\n\nNo worries! That's exactly what\nyou'll learn next!",
    "bg": ["    s.s                                                  ", "    s.s                                                  ", "    s.s                                                  ", "    s.s                                                  ", "    s.s  ________", "    s.s  _WWWWWW_", "   Ss.s  _WWWWWW_", "   Ss.sSS_WWWWWW_", "   Ss.sss_W__WWW_                           ", "   Ss......s_WWW_s       ss                 w ", "  wwss.ssssw_____ssssswwwwwwwwwwwwwwwwwwwwwwwww", "  wwws++++w+www++++++ww++www++++++wwwww++ww++wwww  ", "   www+++ww+wwww+++++ww++wwww+w++wwwww+++w++++++wwwww", "   wswww+ww+wwww++wwwww+wwwww+ww+wwwww++ww++++++++++w", "wwwwwswwwwww++www+wwwww+wwww++wwwwwwww+++w++++++++www", "   wwswwwwwwwwwwwwwwww++wwwwwwwwwwwwwwwwwwwwwwwww+www", "   w wwwwwwwwwwwwwwww+++wwwwwwwwwwwwwwwwwwwwwwwww+www", "     w+ww++++++wwwww++++++wwwwwww++wwwwww+++++www+++w", "     w+ww+++++++wwwww+++wwwwwwwww++wwwwww+++wwwww++wwwww", "     w+www++++++wwww+++++wwwwwwww+www+ww+++wwwwww+++++++", "    swwwwww++++wwwww+++++wwwwwww++www+wwwwwwwwwwww+++wwww", "    swwwwwww++www+ww++++wwwwwwww+wwwwwwwwwwwwwwww++w++++w", "    swwwwwwwwwwww++w++++wwwwwwww+wwwwwwwwwwwwwwwwwwwwwwww", "     wwwwwwwwwwwwwwwwwwwwwwwwww++wwwwwwwwwwwwwwwwwwwwwwww", "     w++++++ww+++ww++++www++++++++++wwww++++++++++++ww", "     w+++wwwwww+wwww+++www++wwwwwwwwwwwwwwwwwwwwwwwww", "    wwwwwwwwwwwwwwwwww+wwwwwwwwwwwwwwwwwwwwwwwwww   ", "     w++++++++w++++www+www+++++www+w++++ww+++wwww   ", "     wwwwwwwwwwwwwwwww+wwwwwwwwwwwwwwwwwwwwwwwwww ", "     w++++++ww+++++++++++++++++++ww+++++++w+++www  ", "     w+++++wwww++++wwwwwwwwwwwwwwwwwwwwwwwwwwwwww", "     w+wwwwwwwwwwwwwwwwwwwwwwwwwwwwwwwwwwwwwwwwwww", "     w++++ww+++ww++++wwwwww+++w+++www++++++w+++++w", "     w+++ww+++wwwww++wwwwwwwwwwwwwwwwwwwwwwwwwwwww", "    wwwwwwwwwwwwwww+wwwwwwwwwwwwwwwwwwwwwwwwwwwwww", "    ww+ww++++w++++++wwwwww++ww+wwwww+www++++w+++ww", "    ww+ww+++ww+++++wwwwww+++wwwwwwwwwwwwwwwwwwwwww", "     wwwws.swwwwwwwwwwwwwwwwwwwwwwwww            w  ", "         s.s        w  wwwwwwwww                    ", "         s.s                                           ", "         s.ssssS                                       ", "  _______s.....+++++++++++++++++++www ww               ", "  _WWWWW_s.ssssswwwwwwwwwwwwwwwwwwwwwwww                ", "  _WWWWW_s.ssssswwwwwwwwwwwwwwwwwwwwwwwwww             ", "  _WWWWW_s.....+++++++++++++++wwwwwwwwwwww             ", "  _WWWWW_s.sssSww++++++++     w_____wwwwww             ", "  _WWWWW_s.swwS+w             w_WWW_wwwwww              ", "  ____W__s.swww++++++         w_WWW_wwwwww              ", "  Sggg.ggg.swww+++++++++++    w_WWW_wwwww               ", "  Sggg.ggg.sssw+              w__W__  w                 ", "  Sggg.......sw               www.wwwwwwww           w  ", "  Sgggggggss.sw            www++++S++++S++++++++wwwwwwwww", "  SSSSSSSSSs.sssssssssssssswwwwwwwwwwwwww.wwww   ww    ", "           s..............swwwwwwwwwwwwww.wwwww        ", "           s.ssssssssssss.s ++++++++++++++S++www       ", "   ww      s.swwwwwwwwwws.sw++++++++++++++++++www      ", " +++++++++++++++++++++wws.sw++++++www                  ", " +++++++++++++++++++++wws.sS+++++++++++++++++          ", " +++++++++++++++++++++wws...+++++++++++++++++++++      ", " ++++++++++++++++++++++ sssS  ww                        ", "                         wwwww                          ", "                                                        ", "                                                       ", "                                                      ", "                                                      ", "                                                       ", "                                                       ", "                                                       ", "                                                       ", "                                                       ", "                                                       ", "                                                       ", "                                                       ", "                         ", "                         "],
    "entities": [{
        "type": "short_tree",
        "x": 22,
        "y": 16,
        "invisible": false
    }, {
        "type": "short_tree",
        "x": 11,
        "y": 24,
        "invisible": false
    }, {
        "type": "short_tree",
        "x": 8,
        "y": 27,
        "invisible": false
    }, {
        "type": "short_tree",
        "x": 22,
        "y": 26,
        "invisible": false
    }, {
        "type": "short_tree",
        "x": 24,
        "y": 19,
        "invisible": false
    }, {
        "type": "short_tree",
        "x": 31,
        "y": 11,
        "invisible": false
    }, {
        "type": "short_tree",
        "x": 31,
        "y": 23,
        "invisible": false
    }, {
        "type": "short_tree",
        "x": 32,
        "y": 23,
        "invisible": false
    }, {
        "type": "short_tree",
        "x": 40,
        "y": 19,
        "invisible": false
    }, {
        "type": "short_tree",
        "x": 44,
        "y": 24,
        "invisible": false
    }, {
        "type": "short_tree",
        "x": 49,
        "y": 19,
        "invisible": false
    }, {
        "type": "short_tree",
        "x": 52,
        "y": 21,
        "invisible": false
    }, {
        "type": "short_tree",
        "x": 45,
        "y": 14,
        "invisible": false
    }, {
        "type": "short_tree",
        "x": 12,
        "y": 14,
        "invisible": false
    }, {
        "type": "keyboard_key",
        "x": 12,
        "y": 14,
        "character": "f",
        "invisible": true
    }, {
        "type": "short_tree",
        "x": 18,
        "y": 11,
        "invisible": false
    }, {
        "type": "short_tree",
        "x": 15,
        "y": 19,
        "invisible": false
    }, {
        "type": "short_tree",
        "x": 14,
        "y": 29,
        "invisible": false
    }, {
        "type": "short_tree",
        "x": 11,
        "y": 29,
        "invisible": false
    }, {
        "type": "short_tree",
        "x": 11,
        "y": 33,
        "invisible": false
    }, {
        "type": "short_tree",
        "x": 43,
        "y": 29,
        "invisible": false
    }, {
        "type": "short_tree",
        "x": 37,
        "y": 32,
        "invisible": false
    }, {
        "type": "short_tree",
        "x": 29,
        "y": 29,
        "invisible": false
    }, {
        "type": "short_tree",
        "x": 9,
        "y": 10,
        "invisible": false
    }, {
        "type": "boy",
        "x": 9,
        "y": 10,
        "data": {
            "name": "hiding_sleeping_boy",
            "message": "Oh! Hello there Shadowy One!\n\nI had to hide when the bugs sank most\nof the letters to the sea. I must have\nfallen asleep!\n\nAnyway, I've heard that 'f' is hidden\nhere somewhere!\nWhen followed by a character, it moves\nyou directly to the next occurrence of\nthat character in the current line.\nIn case you get stuck, use 'F' to find\nthe previous occurrence.\nGood luck!"
        },
        "invisible": true
    }, {
        "type": "short_tree",
        "x": 19,
        "y": 24,
        "invisible": false
    }, {
        "type": "cat_girl",
        "x": 19,
        "y": 24,
        "data": {
            "name": "comma_girl",
            "message": "Capslock be praised!\nIt's you!\n\nAfter you find it, use ',' (comma) to repeat\nyour last inline search in reverse.\n\nNow hide!"
        },
        "invisible": true
    }, {
        "type": "south_west_roof",
        "x": 9,
        "y": 8,
        "invisible": false
    }, {
        "type": "short_tree",
        "x": 17,
        "y": 35,
        "invisible": false
    }, {
        "type": "short_tree",
        "x": 40,
        "y": 35,
        "invisible": false
    }, {
        "type": "keyboard_key",
        "x": 40,
        "y": 35,
        "character": "z",
        "invisible": true
    }, {
        "type": "timer_start",
        "x": 37,
        "y": 32,
        "data": {
            "name": "cat_transmit",
            "intervalInSec": 5,
            "targetX": 52,
            "targetY": 20,
            "startMessage": "Hey you!\n\nYou seem to be lost.\nHere, let me help you\nget back!\n\nOooops, I did it again...\nSorry...",
            "stillMessage": "Hey you!\n\nYou seem to be lost.\nHere, let me help you\nget back!\n\nOooops, I did it again...\nSorry..."
        },
        "invisible": true
    }, {
        "type": "short_tree",
        "x": 4,
        "y": 48,
        "invisible": false
    }, {
        "type": "short_tree",
        "x": 8,
        "y": 48,
        "invisible": false
    }, {
        "type": "tall_tree",
        "x": 3,
        "y": 48,
        "invisible": false
    }, {
        "type": "tall_tree",
        "x": 3,
        "y": 51,
        "invisible": false
    }, {
        "type": "tall_tree",
        "x": 3,
        "y": 49,
        "invisible": false
    }, {
        "type": "tall_tree",
        "x": 3,
        "y": 50,
        "invisible": false
    }, {
        "type": "rock",
        "x": 15,
        "y": 42,
        "invisible": false
    }, {
        "type": "pink_girl",
        "x": 15,
        "y": 19,
        "data": {
            "name": "T_girl",
            "message": "When you find it, 't' is\nexactly like 'f' except\nyou stop one character\nbefore the character you\nwere searching for.\n\nIt's very useful with\nquotations or parentheses."
        },
        "invisible": true
    }, {
        "type": "keyboard_key",
        "x": 4,
        "y": 43,
        "character": "%"
    }, {
        "type": "yellow_key",
        "x": 23,
        "y": 41,
        "invisible": true
    }, {
        "type": "south_roof",
        "x": 3,
        "y": 47,
        "invisible": false
    }, {
        "type": "south_roof",
        "x": 4,
        "y": 47,
        "invisible": false
    }, {
        "type": "south_roof",
        "x": 5,
        "y": 47,
        "invisible": false
    }, {
        "type": "south_east_roof",
        "x": 8,
        "y": 47,
        "invisible": false
    }, {
        "type": "south_west_roof",
        "x": 2,
        "y": 47,
        "invisible": false
    }, {
        "type": "pink_girl",
        "x": 4,
        "y": 48,
        "data": {
            "name": "no_key_in_bush",
            "message": "LOL!\nYeah, that's where the\nkey was in the first\nversion of this level.\n\nI'd check the empty\nstring text if I were\nyou ;)"
        },
        "invisible": true
    }, {
        "type": "door",
        "x": 6,
        "y": 47,
        "invisible": false
    }, {
        "type": "cat_girl",
        "x": 44,
        "y": 24,
        "data": {
            "name": "semicolon_girl",
            "message": "Didn't get where you\nwanted using 'f', 't'\nor their capital versions?\n\nOnce you find it, you\n can use ';' to repeat your\nlast inline search!"
        },
        "invisible": true
    }, {
        "type": "keyboard_key",
        "x": 45,
        "y": 14,
        "character": ",",
        "invisible": true
    }, {
        "type": "keyboard_key",
        "x": 31,
        "y": 23,
        "character": "t",
        "invisible": true
    }, {
        "type": "north_east_roof",
        "x": 8,
        "y": 41,
        "invisible": false
    }, {
        "type": "north_roof",
        "x": 4,
        "y": 41,
        "invisible": false
    }, {
        "type": "north_roof",
        "x": 5,
        "y": 41,
        "invisible": false
    }, {
        "type": "north_roof",
        "x": 6,
        "y": 41,
        "invisible": false
    }, {
        "type": "north_roof",
        "x": 7,
        "y": 41,
        "invisible": false
    }, {
        "type": "north_west_roof",
        "x": 2,
        "y": 41,
        "invisible": false
    }, {
        "type": "east_roof",
        "x": 8,
        "y": 43,
        "invisible": false
    }, {
        "type": "east_roof",
        "x": 8,
        "y": 42,
        "invisible": false
    }, {
        "type": "east_roof",
        "x": 8,
        "y": 44,
        "invisible": false
    }, {
        "type": "east_roof",
        "x": 8,
        "y": 45,
        "invisible": false
    }, {
        "type": "east_roof",
        "x": 8,
        "y": 46,
        "invisible": false
    }, {
        "type": "west_roof",
        "x": 2,
        "y": 42,
        "invisible": false
    }, {
        "type": "west_roof",
        "x": 2,
        "y": 43,
        "invisible": false
    }, {
        "type": "west_roof",
        "x": 2,
        "y": 44,
        "invisible": false
    }, {
        "type": "west_roof",
        "x": 2,
        "y": 45,
        "invisible": false
    }, {
        "type": "west_roof",
        "x": 2,
        "y": 46,
        "invisible": false
    }, {
        "type": "south_roof",
        "x": 6,
        "y": 47,
        "invisible": false
    }, {
        "type": "door",
        "x": 10,
        "y": 8,
        "invisible": false
    }, {
        "type": "south_roof",
        "x": 10,
        "y": 8,
        "invisible": false
    }, {
        "type": "west_roof",
        "x": 9,
        "y": 6,
        "invisible": false
    }, {
        "type": "west_roof",
        "x": 9,
        "y": 7,
        "invisible": false
    }, {
        "type": "south_roof",
        "x": 7,
        "y": 47,
        "invisible": false
    }, {
        "type": "south_roof",
        "x": 3,
        "y": 42,
        "invisible": false
    }, {
        "type": "south_roof",
        "x": 3,
        "y": 43,
        "invisible": false
    }, {
        "type": "south_roof",
        "x": 3,
        "y": 44,
        "invisible": false
    }, {
        "type": "south_roof",
        "x": 3,
        "y": 45,
        "invisible": false
    }, {
        "type": "south_roof",
        "x": 3,
        "y": 46,
        "invisible": false
    }, {
        "type": "south_roof",
        "x": 4,
        "y": 42,
        "invisible": false
    }, {
        "type": "south_roof",
        "x": 4,
        "y": 43,
        "invisible": false
    }, {
        "type": "south_roof",
        "x": 4,
        "y": 44,
        "invisible": false
    }, {
        "type": "south_roof",
        "x": 4,
        "y": 45,
        "invisible": false
    }, {
        "type": "south_roof",
        "x": 4,
        "y": 46,
        "invisible": false
    }, {
        "type": "south_roof",
        "x": 5,
        "y": 42,
        "invisible": false
    }, {
        "type": "south_roof",
        "x": 5,
        "y": 43,
        "invisible": false
    }, {
        "type": "south_roof",
        "x": 5,
        "y": 44,
        "invisible": false
    }, {
        "type": "south_roof",
        "x": 5,
        "y": 45,
        "invisible": false
    }, {
        "type": "south_roof",
        "x": 5,
        "y": 46,
        "invisible": false
    }, {
        "type": "south_roof",
        "x": 6,
        "y": 44,
        "invisible": false
    }, {
        "type": "south_roof",
        "x": 6,
        "y": 42,
        "invisible": false
    }, {
        "type": "south_roof",
        "x": 7,
        "y": 42,
        "invisible": false
    }, {
        "type": "south_roof",
        "x": 6,
        "y": 43,
        "invisible": false
    }, {
        "type": "south_roof",
        "x": 7,
        "y": 43,
        "invisible": false
    }, {
        "type": "south_roof",
        "x": 7,
        "y": 44,
        "invisible": false
    }, {
        "type": "south_roof",
        "x": 7,
        "y": 45,
        "invisible": false
    }, {
        "type": "south_roof",
        "x": 7,
        "y": 46,
        "invisible": false
    }, {
        "type": "south_roof",
        "x": 6,
        "y": 45,
        "invisible": false
    }, {
        "type": "south_roof",
        "x": 6,
        "y": 46,
        "invisible": false
    }, {
        "type": "west_roof",
        "x": 9,
        "y": 5,
        "invisible": false
    }, {
        "type": "south_roof",
        "x": 11,
        "y": 8,
        "invisible": false
    }, {
        "type": "south_roof",
        "x": 12,
        "y": 8,
        "invisible": false
    }, {
        "type": "south_west_roof",
        "x": 12,
        "y": 10,
        "invisible": false
    }, {
        "type": "west_roof",
        "x": 12,
        "y": 9,
        "invisible": false
    }, {
        "type": "south_east_roof",
        "x": 16,
        "y": 10,
        "invisible": false
    }, {
        "type": "east_roof",
        "x": 16,
        "y": 5,
        "invisible": false
    }, {
        "type": "east_roof",
        "x": 16,
        "y": 6,
        "invisible": false
    }, {
        "type": "east_roof",
        "x": 16,
        "y": 7,
        "invisible": false
    }, {
        "type": "east_roof",
        "x": 16,
        "y": 8,
        "invisible": false
    }, {
        "type": "east_roof",
        "x": 16,
        "y": 9,
        "invisible": false
    }, {
        "type": "north_east_roof",
        "x": 16,
        "y": 4,
        "invisible": false
    }, {
        "type": "north_roof",
        "x": 15,
        "y": 4,
        "invisible": false
    }, {
        "type": "north_roof",
        "x": 14,
        "y": 4,
        "invisible": false
    }, {
        "type": "north_roof",
        "x": 13,
        "y": 4,
        "invisible": false
    }, {
        "type": "north_roof",
        "x": 12,
        "y": 4,
        "invisible": false
    }, {
        "type": "north_roof",
        "x": 11,
        "y": 4,
        "invisible": false
    }, {
        "type": "north_roof",
        "x": 10,
        "y": 4,
        "invisible": false
    }, {
        "type": "north_west_roof",
        "x": 9,
        "y": 4,
        "invisible": false
    }, {
        "type": "south_roof",
        "x": 14,
        "y": 7,
        "invisible": false
    }, {
        "type": "south_roof",
        "x": 14,
        "y": 6,
        "invisible": false
    }, {
        "type": "south_roof",
        "x": 14,
        "y": 5,
        "invisible": false
    }, {
        "type": "south_roof",
        "x": 15,
        "y": 6,
        "invisible": false
    }, {
        "type": "south_roof",
        "x": 15,
        "y": 7,
        "invisible": false
    }, {
        "type": "south_roof",
        "x": 15,
        "y": 8,
        "invisible": false
    }, {
        "type": "south_roof",
        "x": 15,
        "y": 5,
        "invisible": false
    }, {
        "type": "south_roof",
        "x": 13,
        "y": 5,
        "invisible": false
    }, {
        "type": "south_roof",
        "x": 13,
        "y": 6,
        "invisible": false
    }, {
        "type": "south_roof",
        "x": 12,
        "y": 5,
        "invisible": false
    }, {
        "type": "south_roof",
        "x": 12,
        "y": 6,
        "invisible": false
    }, {
        "type": "south_roof",
        "x": 12,
        "y": 7,
        "invisible": false
    }, {
        "type": "south_roof",
        "x": 11,
        "y": 5,
        "invisible": false
    }, {
        "type": "south_roof",
        "x": 11,
        "y": 6,
        "invisible": false
    }, {
        "type": "south_roof",
        "x": 11,
        "y": 7,
        "invisible": false
    }, {
        "type": "south_roof",
        "x": 10,
        "y": 7,
        "invisible": false
    }, {
        "type": "south_roof",
        "x": 10,
        "y": 5,
        "invisible": false
    }, {
        "type": "south_roof",
        "x": 10,
        "y": 6,
        "invisible": false
    }, {
        "type": "boy",
        "x": 11,
        "y": 29,
        "data": {
            "name": "z_kid",
            "message": "When you find 'z', you'll\nbe able to scroll the screen\nwithout moving to see what's\nup or down, or even just to\ncenter the lines around you.\n\nTry hitting 'z' followed by\n't' for Top, 'b' for bottom\nor 'z' for middle."
        },
        "invisible": true
    }, {
        "type": "pink_girl",
        "x": 52,
        "y": 21,
        "data": {
            "name": "capital_FT_girl",
            "message": "You can use 'F' and 'T'\nto search for a character\nbackwards in the line.\n\nTo go back, make sure you\nuse the capital versions.\nHope that helps :)"
        },
        "invisible": true
    }, {
        "type": "keyboard_key",
        "x": 40,
        "y": 19,
        "character": ";",
        "invisible": true
    }, {
        "type": "yellow_key",
        "x": 10,
        "y": 57,
        "invisible": true
    }, {
        "type": "south_roof",
        "x": 13,
        "y": 8,
        "invisible": false
    }, {
        "type": "south_roof",
        "x": 13,
        "y": 9,
        "invisible": false
    }, {
        "type": "south_roof",
        "x": 13,
        "y": 7,
        "invisible": false
    }, {
        "type": "south_roof",
        "x": 14,
        "y": 8,
        "invisible": false
    }, {
        "type": "south_roof",
        "x": 14,
        "y": 9,
        "invisible": false
    }, {
        "type": "south_roof",
        "x": 15,
        "y": 9,
        "invisible": false
    }, {
        "type": "south_roof",
        "x": 15,
        "y": 10,
        "invisible": false
    }, {
        "type": "south_roof",
        "x": 14,
        "y": 10,
        "invisible": false
    }, {
        "type": "south_roof",
        "x": 13,
        "y": 10,
        "invisible": false
    }, {
        "type": "keyboard_key",
        "x": 14,
        "y": 7,
        "character": "g"
    }, {
        "type": "brown_girl",
        "x": 6,
        "y": 43,
        "data": {
            "name": "percent_girl",
            "message": "Greetings Shadowy One!\n\n'%' moves between opening and\nclosing brackets (or parentheses)\nsuch as '{','(', or '['.\n\nThe nice thing about it is that\nit works even if you don't\nstand on an opening bracket\nbut have one down the line!"
        }
    }, {
        "type": "north_roof",
        "x": 3,
        "y": 41,
        "invisible": false
    }, {
        "type": "brown_girl",
        "x": 14,
        "y": 6,
        "data": {
            "name": "G_girl",
            "message": "Hi Shadowy One!\n\nFor easier text navigation\nuse 'G' to jump to the last\nline of the current text.\n'gg' will move you to the \nfirst line of the text.\n\nHappy shortcutting!"
        }
    }, {
        "type": "yellow_key",
        "x": 17,
        "y": 44,
        "invisible": true
    }, {
        "type": "door",
        "x": 33,
        "y": 49,
        "invisible": false
    }, {
        "type": "north_roof",
        "x": 32,
        "y": 45,
        "invisible": false
    }, {
        "type": "north_roof",
        "x": 33,
        "y": 45,
        "invisible": false
    }, {
        "type": "north_roof",
        "x": 34,
        "y": 45,
        "invisible": false
    }, {
        "type": "south_west_roof",
        "x": 31,
        "y": 49,
        "invisible": false
    }, {
        "type": "south_east_roof",
        "x": 35,
        "y": 49,
        "invisible": false
    }, {
        "type": "north_east_roof",
        "x": 35,
        "y": 45,
        "invisible": false
    }, {
        "type": "north_west_roof",
        "x": 31,
        "y": 45,
        "invisible": false
    }, {
        "type": "west_roof",
        "x": 31,
        "y": 46,
        "invisible": false
    }, {
        "type": "west_roof",
        "x": 31,
        "y": 47,
        "invisible": false
    }, {
        "type": "west_roof",
        "x": 31,
        "y": 48,
        "invisible": false
    }, {
        "type": "east_roof",
        "x": 35,
        "y": 46,
        "invisible": false
    }, {
        "type": "east_roof",
        "x": 35,
        "y": 47,
        "invisible": false
    }, {
        "type": "east_roof",
        "x": 35,
        "y": 48,
        "invisible": false
    }, {
        "type": "princess",
        "x": 33,
        "y": 47,
        "data": {
            "name": "level_7_princess",
            "levelToLoad": 8,
            "message": "Well done Shadowy One!\nTo be continued..."
        }
    }, {
        "type": "south_roof",
        "x": 33,
        "y": 46,
        "invisible": false
    }, {
        "type": "south_roof",
        "x": 32,
        "y": 46,
        "invisible": false
    }, {
        "type": "south_roof",
        "x": 34,
        "y": 47,
        "invisible": false
    }, {
        "type": "south_roof",
        "x": 34,
        "y": 46,
        "invisible": false
    }, {
        "type": "south_roof",
        "x": 32,
        "y": 47,
        "invisible": false
    }, {
        "type": "south_roof",
        "x": 33,
        "y": 47,
        "invisible": false
    }, {
        "type": "south_roof",
        "x": 33,
        "y": 48,
        "invisible": false
    }, {
        "type": "south_roof",
        "x": 34,
        "y": 49,
        "invisible": false
    }, {
        "type": "south_roof",
        "x": 33,
        "y": 49,
        "invisible": false
    }, {
        "type": "south_roof",
        "x": 32,
        "y": 48,
        "invisible": false
    }, {
        "type": "south_roof",
        "x": 32,
        "y": 49,
        "invisible": false
    }, {
        "type": "south_roof",
        "x": 34,
        "y": 48,
        "invisible": false
    }, {
        "type": "cat_girl",
        "x": 28,
        "y": 44,
        "data": {
            "name": "two_solutions_girl",
            "message": "Just so you'll know, there\nwere two possible solutions\nto this text...\nOne was using 'd%' and the\nother by using 'dG'.\n\nExperiment a little with\n'dG' and 'dgg' on texts\nto see what's their range!"
        },
        "invisible": true
    }, {
        "type": "brown_girl",
        "x": 17,
        "y": 35,
        "data": {
            "name": "ft_carries_girl",
            "message": "The last 'f' or 't' search\nis remembered when you go\nfrom one text to another.\nUsing 'fL' in one text and\nthen going to another and\nusing ';' will carry on a\n'fL' command!\n\nSearches used in commands\nsuch as 'dfL' are also\nremembered."
        },
        "invisible": true
    }],
    "textareas": [{
        "x": 6,
        "y": 11,
        "limit": 0,
        "text": "The cat only grinned when it saw Alice.\nIt looked good-natured, she thought: still\nit had VERY long claws and a great many teeth,\nso she felt that it ought to be treated with\nrespect.                                    \n                                            \n`Cheshire Puss,' she began, rather timidly, as\nshe did not at all know whether it would like\nthe name: however, it only grinned a little wider.\n`Come, it's pleased so far,' thought Alice, and\nshe went on. `Would you tell me, please, which way\nI ought to go from here?'                   \n                                            \n`That depends a good deal on where you want to\nget to,' said the Cat.\n                                            \n`I don't much care where--' said Alice.\n                                            \n`Then it doesn't matter which way you go,'\nsaid the Cat.\n                                            \n`--so long as I get SOMEWHERE,' Alice added\nas an explanation.\n                                            \n`Oh, you're sure to do that,' said the Cat, \n`if you only walk long enough.'",
        "shouldClean": " "
    }, {
        "x": 15,
        "y": 41,
        "limit": 7,
        "text": "emptyStr = \"^dxxxxx^\";"
    }, {
        "x": 15,
        "y": 44,
        "limit": 7,
        "text": "if (practice) {\n  perfect;\n}\n^delse {\n  !perfect;\n}^"
    }, {
        "x": 1,
        "y": 56,
        "limit": 14,
        "text": "f^xx will find forward,\nt will go t^xxill,     \n; wi^xxll repeat them, \n, re^xxverse the de^xxal  ",
        "shouldClean": " "
    }, {
        "x": 28,
        "y": 54,
        "limit": 7,
        "text": "What's in a name?\nThat which we call\na rose\nBy any other name\nwould smell as sweet.",
        "alwaysSink": true
    }, {
        "x": 30,
        "y": 51,
        "limit": 4,
        "text": "(2-(3*(6-7)-2*4)^^3",
        "alwaysSink": true
    }]
}