{
    "levelNumber": 9,
    "addX": 204,
    "addY": 379,
    "princess_message": "Good job!\n\nYou've come a long way, but you still\nmove one step at a time.\n\nThis should change...",
    "bg": ["wwwwwwwwwwwwwwwwwwSg.gSwwwwwwwwwwwwwwwwwwwwwwwwwwwwwww", "wwwwwwwwwwwwwwMMMMMg.gSwwwwwwwwwwwwwwwwwwwwwwwwwwww", "wwwwwwwwwwwwwMMMMMMMMgSwwwgggwwwwwwwwwwwwwwwwwwwwww", "wwwwwwwwwwwwMMMWWMMM.gggggggwwwwwwwwwwwwwwwwwwwwwww", "wwwwwwwwwwwMMM_WWWMM.MMgggg+****************+wwwwww", "wwwwwwwwwwwwMM_WWW_g.MMMMMM+******************+wwww", "wwwwwwwwwwwwMM__W__g.ggMMgM****************+wwwwwww", "wwwwwwwwwwwwwMMg.ggg.ggMggg******************+gwwww", "wwwwwwwwwwwwwwMM.....gMMgggwwwwwwwwwwwwwwwwwwggwwww", "MMMMMMMMMMMMwwwMMMgg.MMgggggwwwwwwwwwwwwwwwwggggwww", "MMMMMMMMMMMMwwwwwMggMMgggggggwwwwwwwwwwwwggggggggww", "MM+MMMMMM+MMwwwwwMMg.Mgwwwwwwwwwwwwwwwwwwgggggggggw", "MMMMMMM+MMMMwwwwwwMM.MSwwwwwwwwwwwwwwwwwwgggggggggw", "MMMMM++MMMMMwwwwMwwg.gwwwwwwwwwwwwwwwwwwwgggggggggw", "MMMMMMMMM+MMwwwwMMMg.gwwwMMwwMwwwwwwwwwwwgggggggggw", "MMM+MMMMMMMMwwwwwMMM.gwwMMMMMMMMwMwwwwwwwgggggggggw", "MMMMMMMM+MMMwwwwMMMMMgMMMMMMMMMMMMwwwwwwwwwwwwwwwww", "MMMMM+MMM+MMwwwwMMMMM+MMMMMMMMMMMMMMwwwwwwwwwwwwwww", "MM+MM+MMM+MMwwwwMMMMMMMMMMMMMMMMMMMMwwwwwwwwwwwwwww", "MMMMMMMMMMMMwwwMM+MMMMMMMMMMM+MMMMMMMwwwwwwwwwwwwww", "MM+MMM+M+MMMwwwwMMMMMMMMMMMMMMMMMMMMMMwwwwwwwwwwwww", "MMMM+MMMMMMMwwwwM+MMM+MMMMMMMMMMMMMMMMwwwwwwwwwwwww", "MMMMM+MMMMMMwwwwMMMMMMMMMMMM+MMMMMMM+Mwwwwwwwwwwwww", "MMMMM+MMMMMMMMMwwMMMMMMMMMMMgMMMMMwMMMwwwwwwwwwwwww", "MMMMMMMM+MM+MMMwMMMMMwwMMMg.gMMwMwwwwwwwwwwwwwwwwww      w", "wwwwgggg.MwwwwwwMMMwwwwwwwg.MMMwwwwwwwwwwwwwwwwwwwwwwwwwwwwww", "wwwwg...MMwwwwwwMMwwwwMMwwg.MMMwwwwwMwwwwwwwwwMMwwwwwwwwwwwww", "wwwwM.gMMMwwMwwwwwwMMMMMMwg.MMMwMwMMMwMMwwwwMMMMMwwwwwMwwwwwwww", "wMMMM.MMMMMMMMMMMMMMMMMMMMM.MMMMMMMMMMMMMMMMMMMMMMMMMMMwwwMwwwwwwwww", "wMMMM+MMMM+MMMMMMMMMMMMMM+M.gMMMMMMMMMMMMMMMMMMMMMMMMMMMMMMwwwwwwwww", "wMMMMMMMMMMMMMMMMMMMMMMMMM...+MMMM+MMMMMMMMMMMMMMMMMMMMMMMMwwwwwwwwwwwwwwwww", "wMM+MMMMMM+MMMMMMMM+MMMM+gggMMMM+MMMMMMMMM+MMMMMMMMMMMMMMMMwwwwwwwwwwwwwwwww", "wwM.gwwMMwMwMwMwwwwwwwwwwwwwMMMMMMMMMMMMMMMMMMMMMMMMMMMMMMMMwwwwwwwwww   w", "wwg.gwwwwwwwwwwwwwwwwwwwwwwwwMMMMMMMMMMMMMMMMMMMMMMM+MMMMMMMwwwwwwww", "wwg.gwwwwwwwwwwwwwwwwwwwwwwwwMMMMMMMMMMMMMMMMMMMMMMM.MMMMMwwwwwwwwww", "ww_._wwwwwwwwwwwwwwwwwwwwwwwwwwwMMMgggggMMggggMMMMMM.MMMMwwwwwwwwwww", "wwg.gwwwwwwwwwwwwwwwwwwwwMwwwwwMMMMggMggggggggg......wwwwwwwwwwwwwww", "+++++++++++++++++++++++wMMggMggMMMggMMMggMMgggg.gMMwwwwwwwwwwwwwwwww  w", "+++++++++++++++++++wwwwwMMMMMgMMMMMgMMMMMMMMMMg.MMwwwwwwwwwwwwwwwwwwwww", "+++++++++++++++++++++wwMMMMMMMMMMMMMMM+MMMMMMMM+MMwwwwwwwwwwwwwwwwwwwww", "+++++++++++++++++++wwwwMMMMM+MMMMMMMMM+MMMMMMMMMMMwwwwwwwwwwwwwwwwwwwww", "++++++++++++++++++++wwMMgMMggMMwwwwwwMMMMMwMMMMMMMwwwwwwwwwwwwwwwwwwwww", "+++++++++++++++++++++wwMMgggMMMMwwwwwwwwwwwwwwMMMwwwwwwwwwwwwwwwwwwwwww", "+wwwwwwwwwwwwwwwwwwwwwwwMMggMMMMwwwwwwwwwwwwwwwMwwwwwwwwwwwwwwwwwwww", "+++++++++++++++++++++++wMgggMMMMwwwwwwwwwwwwwwwwwwwwwwwwwwwwwwwwwwww", "++++++++++++++++++wwwwwwMMgMMMMwwwMMMwwwwwwwwwwwwwwwwwwwwwwwwwwwwwww", "++++++++++++++++++++++wMMM++++MMMMMMMMMwwwwwwwwwwwwwwwwwwwwwwwwwwwww", "++++++++++++++wwwwwwwwwMMM+++++MMMMMMMMwwwwwwwwwwwwwwwwwwwwwwwwwwwww", "wwg.gwwwwwwwwwwwwwwwwwwMMMMMMMMMMMMMMMMwwwwwwwwwwwwwwwwwwwwwwwwwwwww", "wwg.gwwwwwwwwwwwwwwwwwwMMMMMMMMMMMMMMMMMwMMMwwwwwwwwwwwwwwwwwwwwwwww", "wwg.gwwwwwwwwwwwwwwwwwMMMMMMMMMMMMMMMMMMMMMMMwwMwwwwwwwwwwwwwww www", "wwg.gwwwwwwwwwwwwwwwwwMMMMMMMMMMMMMMMMMMMMMMMMMMMMMwwwwwwww ww", "ww_._wwwwwwwwwwwwwwwwMMM++++++++++++++++++++++++++Mwwwww", "ww_._wwwwwwwwwwwwwwwwMMM+++++++++++++MMMMMMMMMMMMMMwwwww", "ww_._wwwwwwwwwwwwwwwwwMM++++++++++++++++++MMMMwwwwwwwwww", "wwS.SwwwwwwwwwwwwwwwwwwM++++++++++MMMMMMMMMMMMMMMMwwwwwww", "ww_._______________wwwMM+++++++++++++++++++++++++MMMMwww", "ww_WWWWWWWWWWWWWWW_wwwMMMM+MMMMMMMM++MMMMMMMMMMMMMMMMMww", "ww_W*************W_wwwMMMMMMMMMMMMMMMMMMwwMMMMwwMMMwwwww", "ww_W*************W_wwwwMMMMMMMMwwwwwwwwwwwwMMwwwwww  w", "ww_W*************W_wwwwwMwwwMwwwwwwwwwwwwwwwwwwwwww", "ww_WWWWWWWWWWWWWWW_wwwwwwwwwwwwwwwwwwwwwwwwwwwwwwww", "ww_WWWWWWWWWWWWWWW_wwwwwwwwwwwwwwwwwwwwwwwwwwwwwwww", "ww_________________wwwwwwwwwwwwwwwwwwwwwwwwwwwwwwww", "wwwwwwwwwwwwwwwwwwwwwwwwwwwwwwwwwwwwwwwwwwwwwwwwwww", "wwwwwwwwwwwwwwwwwwwwwwwwwwwwwwwwwwwwwwwwwwwwwwwwwww", "w                                ww"],
    "entities": [{
        "type": "short_tree",
        "x": 19,
        "y": 14,
        "invisible": false
    }, {
        "type": "keyboard_key",
        "x": 15,
        "y": 3,
        "character": "1"
    }, {
        "type": "west_roof",
        "x": 14,
        "y": 4,
        "invisible": false
    }, {
        "type": "west_roof",
        "x": 14,
        "y": 5,
        "invisible": false
    }, {
        "type": "south_west_roof",
        "x": 14,
        "y": 6,
        "invisible": false
    }, {
        "type": "south_east_roof",
        "x": 18,
        "y": 6,
        "invisible": false
    }, {
        "type": "east_roof",
        "x": 18,
        "y": 5,
        "invisible": false
    }, {
        "type": "south_roof",
        "x": 17,
        "y": 5,
        "invisible": false
    }, {
        "type": "south_roof",
        "x": 17,
        "y": 6,
        "invisible": false
    }, {
        "type": "south_roof",
        "x": 16,
        "y": 4,
        "invisible": false
    }, {
        "type": "south_roof",
        "x": 15,
        "y": 4,
        "invisible": false
    }, {
        "type": "south_roof",
        "x": 15,
        "y": 5,
        "invisible": false
    }, {
        "type": "south_roof",
        "x": 15,
        "y": 6,
        "invisible": false
    }, {
        "type": "south_roof",
        "x": 16,
        "y": 5,
        "invisible": false
    }, {
        "type": "tall_tree",
        "x": 43,
        "y": 10,
        "invisible": false
    }, {
        "type": "tall_tree",
        "x": 48,
        "y": 10,
        "invisible": false
    }, {
        "type": "tall_tree",
        "x": 43,
        "y": 11,
        "invisible": false
    }, {
        "type": "tall_tree",
        "x": 43,
        "y": 12,
        "invisible": false
    }, {
        "type": "tall_tree",
        "x": 43,
        "y": 13,
        "invisible": false
    }, {
        "type": "tall_tree",
        "x": 44,
        "y": 9,
        "invisible": false
    }, {
        "type": "tall_tree",
        "x": 44,
        "y": 10,
        "invisible": false
    }, {
        "type": "tall_tree",
        "x": 47,
        "y": 10,
        "invisible": false
    }, {
        "type": "tall_tree",
        "x": 47,
        "y": 9,
        "invisible": false
    }, {
        "type": "tall_tree",
        "x": 48,
        "y": 11,
        "invisible": false
    }, {
        "type": "rock",
        "x": 44,
        "y": 11,
        "invisible": false
    }, {
        "type": "rock",
        "x": 45,
        "y": 10,
        "invisible": false
    }, {
        "type": "rock",
        "x": 47,
        "y": 11,
        "invisible": false
    }, {
        "type": "rock",
        "x": 46,
        "y": 12,
        "invisible": false
    }, {
        "type": "rock",
        "x": 44,
        "y": 13,
        "invisible": false
    }, {
        "type": "rock",
        "x": 46,
        "y": 13,
        "invisible": false
    }, {
        "type": "tall_tree",
        "x": 42,
        "y": 10,
        "invisible": false
    }, {
        "type": "tall_tree",
        "x": 41,
        "y": 10,
        "invisible": false
    }, {
        "type": "tall_tree",
        "x": 41,
        "y": 12,
        "invisible": false
    }, {
        "type": "tall_tree",
        "x": 41,
        "y": 11,
        "invisible": false
    }, {
        "type": "tall_tree",
        "x": 41,
        "y": 13,
        "invisible": false
    }, {
        "type": "tall_tree",
        "x": 41,
        "y": 14,
        "invisible": false
    }, {
        "type": "rock",
        "x": 46,
        "y": 8,
        "invisible": false
    }, {
        "type": "tall_tree",
        "x": 49,
        "y": 11,
        "invisible": false
    }, {
        "type": "tall_tree",
        "x": 49,
        "y": 12,
        "invisible": false
    }, {
        "type": "tall_tree",
        "x": 49,
        "y": 13,
        "invisible": false
    }, {
        "type": "tall_tree",
        "x": 49,
        "y": 15,
        "invisible": false
    }, {
        "type": "tall_tree",
        "x": 48,
        "y": 15,
        "invisible": false
    }, {
        "type": "tall_tree",
        "x": 49,
        "y": 14,
        "invisible": false
    }, {
        "type": "rock",
        "x": 48,
        "y": 13,
        "invisible": false
    }, {
        "type": "tall_tree",
        "x": 41,
        "y": 15,
        "invisible": false
    }, {
        "type": "tall_tree",
        "x": 42,
        "y": 15,
        "invisible": false
    }, {
        "type": "tall_tree",
        "x": 43,
        "y": 15,
        "invisible": false
    }, {
        "type": "tall_tree",
        "x": 44,
        "y": 15,
        "invisible": false
    }, {
        "type": "tall_tree",
        "x": 45,
        "y": 15,
        "invisible": false
    }, {
        "type": "tall_tree",
        "x": 46,
        "y": 15,
        "invisible": false
    }, {
        "type": "tall_tree",
        "x": 47,
        "y": 15,
        "invisible": false
    }, {
        "type": "short_tree",
        "x": 42,
        "y": 11,
        "invisible": false
    }, {
        "type": "short_tree",
        "x": 48,
        "y": 12,
        "invisible": false
    }, {
        "type": "short_tree",
        "x": 46,
        "y": 10,
        "invisible": false
    }, {
        "type": "short_tree",
        "x": 42,
        "y": 13,
        "invisible": false
    }, {
        "type": "tall_tree",
        "x": 46,
        "y": 7,
        "invisible": false
    }, {
        "type": "pink_girl",
        "x": 46,
        "y": 10,
        "data": {
            "name": "thankgoodness_girl",
            "message": "Thank the Lord for everything\nblinking!\n\nThe bugs were unable to chew\nthrough the disabled blocks of\nprotected letters...\n\nYou must understand numbers\nto have a real chance to defeat\nthem. It's only a matter of time;\nYou barely missed them when you\narrived here!"
        },
        "invisible": true
    }, {
        "type": "short_tree",
        "x": 44,
        "y": 12,
        "invisible": false
    }, {
        "type": "boy",
        "x": 44,
        "y": 12,
        "data": {
            "name": "motions_count_kid",
            "message": "When a number comes before a\nmotion, that motion is repeated\nthe given number of times.\nOn text areas, no obstacle can\nblock your way until your final\ndestination, except for the text\nboundaries.\nOn the ground, you can use\n'h', 'j', 'k' and 'l' with a count until\nblocked."
        },
        "invisible": true
    }, {
        "type": "brown_girl",
        "x": 48,
        "y": 12,
        "data": {
            "name": "large_numbers_girl",
            "message": "When the number used is too big\nsome motions or commands will\njust be performed as many times\nas possible, while others will\ndo nothing with a count that's\ntoo high.\n\nFor example, '999dd' will erase\nlines until the end of the text\nif it's got less than 999 lines\nremaining. But '4fe' won't jump\nto the last 'e' in the line if\nthere are less than 4 'e's left in\nthe line after the current position."
        },
        "invisible": true
    }, {
        "type": "cat_girl",
        "x": 16,
        "y": 4,
        "data": {
            "name": "numbers_girl",
            "message": "I'm soooo glad you're here!\nThe bugs started eating the\nhouse, and I was sooo worried!\n\nThis one over here unlocks\nALL digits!"
        }
    }, {
        "type": "yellow_key",
        "x": 21,
        "y": 17,
        "invisible": true
    }, {
        "type": "tall_tree",
        "x": 36,
        "y": 36,
        "invisible": false
    }, {
        "type": "short_tree",
        "x": 28,
        "y": 29,
        "invisible": false
    }, {
        "type": "brown_girl",
        "x": 19,
        "y": 14,
        "data": {
            "name": "numbers_rule_girl",
            "message": "As a rule of thumb - if you\nfind yourself counting more\nthan five, there is probably\na better way to go about\nwhat you're trying to do.\n\nTry using another motion\n(searches instead of words,\nbeginning / end of line etc.)\nor try using a high count\nsuch as 99. Most operations\nor motions will continue as\nmuch as possible before they\nstop."
        },
        "invisible": true
    }, {
        "type": "pink_girl",
        "x": 28,
        "y": 29,
        "data": {
            "name": "goto_line_girl",
            "message": "Did you know that you can\nuse a number + 'G' to get\nto the first character in\nthe line with that number?\n\nAnd did you know that you\ncan type ':' + number to\nachieve the same thing?"
        },
        "invisible": true
    }, {
        "type": "yellow_key",
        "x": 29,
        "y": 46,
        "invisible": true
    }, {
        "type": "yellow_key",
        "x": 11,
        "y": 24,
        "invisible": true
    }, {
        "type": "door",
        "x": 16,
        "y": 6,
        "invisible": false
    }, {
        "type": "south_roof",
        "x": 16,
        "y": 6,
        "invisible": false
    }, {
        "type": "yellow_key",
        "x": 42,
        "y": 11,
        "invisible": true
    }, {
        "type": "princess",
        "x": 16,
        "y": 61,
        "data": {
            "name": "level_9_princess",
            "levelToLoad": 10,
            "message": "Well done Shadowy One!\nTo be continued..."
        }
    }, {
        "type": "door",
        "x": 3,
        "y": 56,
        "invisible": false
    }, {
        "type": "north_roof",
        "x": 3,
        "y": 56,
        "invisible": false
    }, {
        "type": "north_roof",
        "x": 4,
        "y": 56,
        "invisible": false
    }, {
        "type": "north_roof",
        "x": 5,
        "y": 56,
        "invisible": false
    }, {
        "type": "north_roof",
        "x": 6,
        "y": 56,
        "invisible": false
    }, {
        "type": "north_roof",
        "x": 7,
        "y": 56,
        "invisible": false
    }, {
        "type": "north_roof",
        "x": 8,
        "y": 56,
        "invisible": false
    }, {
        "type": "north_roof",
        "x": 9,
        "y": 56,
        "invisible": false
    }, {
        "type": "north_roof",
        "x": 10,
        "y": 56,
        "invisible": false
    }, {
        "type": "north_roof",
        "x": 11,
        "y": 56,
        "invisible": false
    }, {
        "type": "north_roof",
        "x": 12,
        "y": 56,
        "invisible": false
    }, {
        "type": "north_roof",
        "x": 13,
        "y": 56,
        "invisible": false
    }, {
        "type": "north_roof",
        "x": 14,
        "y": 56,
        "invisible": false
    }, {
        "type": "north_roof",
        "x": 15,
        "y": 56,
        "invisible": false
    }, {
        "type": "north_roof",
        "x": 16,
        "y": 56,
        "invisible": false
    }, {
        "type": "north_roof",
        "x": 17,
        "y": 56,
        "invisible": false
    }, {
        "type": "north_east_roof",
        "x": 18,
        "y": 56,
        "invisible": false
    }, {
        "type": "north_west_roof",
        "x": 2,
        "y": 56,
        "invisible": false
    }, {
        "type": "west_roof",
        "x": 2,
        "y": 57,
        "invisible": false
    }, {
        "type": "west_roof",
        "x": 2,
        "y": 59,
        "invisible": false
    }, {
        "type": "west_roof",
        "x": 2,
        "y": 58,
        "invisible": false
    }, {
        "type": "west_roof",
        "x": 2,
        "y": 60,
        "invisible": false
    }, {
        "type": "west_roof",
        "x": 2,
        "y": 61,
        "invisible": false
    }, {
        "type": "west_roof",
        "x": 2,
        "y": 62,
        "invisible": false
    }, {
        "type": "east_roof",
        "x": 18,
        "y": 57,
        "invisible": false
    }, {
        "type": "east_roof",
        "x": 18,
        "y": 59,
        "invisible": false
    }, {
        "type": "east_roof",
        "x": 18,
        "y": 58,
        "invisible": false
    }, {
        "type": "east_roof",
        "x": 18,
        "y": 60,
        "invisible": false
    }, {
        "type": "east_roof",
        "x": 18,
        "y": 61,
        "invisible": false
    }, {
        "type": "east_roof",
        "x": 18,
        "y": 62,
        "invisible": false
    }, {
        "type": "south_east_roof",
        "x": 18,
        "y": 63,
        "invisible": false
    }, {
        "type": "south_west_roof",
        "x": 2,
        "y": 63,
        "invisible": false
    }, {
        "type": "south_roof",
        "x": 3,
        "y": 62,
        "invisible": false
    }, {
        "type": "south_roof",
        "x": 3,
        "y": 63,
        "invisible": false
    }, {
        "type": "south_roof",
        "x": 3,
        "y": 61,
        "invisible": false
    }, {
        "type": "south_roof",
        "x": 3,
        "y": 59,
        "invisible": false
    }, {
        "type": "south_roof",
        "x": 3,
        "y": 60,
        "invisible": false
    }, {
        "type": "south_roof",
        "x": 3,
        "y": 58,
        "invisible": false
    }, {
        "type": "south_roof",
        "x": 5,
        "y": 57,
        "invisible": false
    }, {
        "type": "south_roof",
        "x": 4,
        "y": 57,
        "invisible": false
    }, {
        "type": "south_roof",
        "x": 4,
        "y": 58,
        "invisible": false
    }, {
        "type": "south_roof",
        "x": 4,
        "y": 59,
        "invisible": false
    }, {
        "type": "south_roof",
        "x": 5,
        "y": 59,
        "invisible": false
    }, {
        "type": "south_roof",
        "x": 5,
        "y": 58,
        "invisible": false
    }, {
        "type": "south_roof",
        "x": 5,
        "y": 60,
        "invisible": false
    }, {
        "type": "south_roof",
        "x": 5,
        "y": 61,
        "invisible": false
    }, {
        "type": "south_roof",
        "x": 5,
        "y": 62,
        "invisible": false
    }, {
        "type": "south_roof",
        "x": 5,
        "y": 63,
        "invisible": false
    }, {
        "type": "south_roof",
        "x": 4,
        "y": 63,
        "invisible": false
    }, {
        "type": "south_roof",
        "x": 4,
        "y": 62,
        "invisible": false
    }, {
        "type": "south_roof",
        "x": 4,
        "y": 61,
        "invisible": false
    }, {
        "type": "south_roof",
        "x": 4,
        "y": 60,
        "invisible": false
    }, {
        "type": "south_roof",
        "x": 6,
        "y": 58,
        "invisible": false
    }, {
        "type": "south_roof",
        "x": 6,
        "y": 57,
        "invisible": false
    }, {
        "type": "south_roof",
        "x": 6,
        "y": 59,
        "invisible": false
    }, {
        "type": "south_roof",
        "x": 6,
        "y": 60,
        "invisible": false
    }, {
        "type": "south_roof",
        "x": 6,
        "y": 61,
        "invisible": false
    }, {
        "type": "south_roof",
        "x": 6,
        "y": 62,
        "invisible": false
    }, {
        "type": "south_roof",
        "x": 6,
        "y": 63,
        "invisible": false
    }, {
        "type": "south_roof",
        "x": 7,
        "y": 57,
        "invisible": false
    }, {
        "type": "south_roof",
        "x": 7,
        "y": 58,
        "invisible": false
    }, {
        "type": "south_roof",
        "x": 7,
        "y": 59,
        "invisible": false
    }, {
        "type": "south_roof",
        "x": 7,
        "y": 60,
        "invisible": false
    }, {
        "type": "south_roof",
        "x": 7,
        "y": 61,
        "invisible": false
    }, {
        "type": "south_roof",
        "x": 7,
        "y": 62,
        "invisible": false
    }, {
        "type": "south_roof",
        "x": 7,
        "y": 63,
        "invisible": false
    }, {
        "type": "south_roof",
        "x": 8,
        "y": 63,
        "invisible": false
    }, {
        "type": "south_roof",
        "x": 8,
        "y": 62,
        "invisible": false
    }, {
        "type": "south_roof",
        "x": 8,
        "y": 61,
        "invisible": false
    }, {
        "type": "south_roof",
        "x": 8,
        "y": 59,
        "invisible": false
    }, {
        "type": "south_roof",
        "x": 8,
        "y": 60,
        "invisible": false
    }, {
        "type": "south_roof",
        "x": 8,
        "y": 58,
        "invisible": false
    }, {
        "type": "south_roof",
        "x": 8,
        "y": 57,
        "invisible": false
    }, {
        "type": "south_roof",
        "x": 9,
        "y": 57,
        "invisible": false
    }, {
        "type": "south_roof",
        "x": 9,
        "y": 58,
        "invisible": false
    }, {
        "type": "south_roof",
        "x": 9,
        "y": 59,
        "invisible": false
    }, {
        "type": "south_roof",
        "x": 9,
        "y": 60,
        "invisible": false
    }, {
        "type": "south_roof",
        "x": 9,
        "y": 61,
        "invisible": false
    }, {
        "type": "south_roof",
        "x": 9,
        "y": 62,
        "invisible": false
    }, {
        "type": "south_roof",
        "x": 9,
        "y": 63,
        "invisible": false
    }, {
        "type": "south_roof",
        "x": 10,
        "y": 63,
        "invisible": false
    }, {
        "type": "south_roof",
        "x": 10,
        "y": 62,
        "invisible": false
    }, {
        "type": "south_roof",
        "x": 10,
        "y": 60,
        "invisible": false
    }, {
        "type": "south_roof",
        "x": 10,
        "y": 61,
        "invisible": false
    }, {
        "type": "south_roof",
        "x": 10,
        "y": 58,
        "invisible": false
    }, {
        "type": "south_roof",
        "x": 10,
        "y": 59,
        "invisible": false
    }, {
        "type": "south_roof",
        "x": 10,
        "y": 57,
        "invisible": false
    }, {
        "type": "south_roof",
        "x": 11,
        "y": 57,
        "invisible": false
    }, {
        "type": "south_roof",
        "x": 11,
        "y": 58,
        "invisible": false
    }, {
        "type": "south_roof",
        "x": 11,
        "y": 59,
        "invisible": false
    }, {
        "type": "south_roof",
        "x": 11,
        "y": 60,
        "invisible": false
    }, {
        "type": "south_roof",
        "x": 11,
        "y": 61,
        "invisible": false
    }, {
        "type": "south_roof",
        "x": 11,
        "y": 62,
        "invisible": false
    }, {
        "type": "south_roof",
        "x": 11,
        "y": 63,
        "invisible": false
    }, {
        "type": "south_roof",
        "x": 12,
        "y": 63,
        "invisible": false
    }, {
        "type": "south_roof",
        "x": 12,
        "y": 62,
        "invisible": false
    }, {
        "type": "south_roof",
        "x": 12,
        "y": 60,
        "invisible": false
    }, {
        "type": "south_roof",
        "x": 12,
        "y": 61,
        "invisible": false
    }, {
        "type": "south_roof",
        "x": 12,
        "y": 59,
        "invisible": false
    }, {
        "type": "south_roof",
        "x": 12,
        "y": 57,
        "invisible": false
    }, {
        "type": "south_roof",
        "x": 12,
        "y": 58,
        "invisible": false
    }, {
        "type": "south_roof",
        "x": 13,
        "y": 57,
        "invisible": false
    }, {
        "type": "south_roof",
        "x": 13,
        "y": 58,
        "invisible": false
    }, {
        "type": "south_roof",
        "x": 13,
        "y": 59,
        "invisible": false
    }, {
        "type": "south_roof",
        "x": 13,
        "y": 60,
        "invisible": false
    }, {
        "type": "south_roof",
        "x": 13,
        "y": 61,
        "invisible": false
    }, {
        "type": "south_roof",
        "x": 13,
        "y": 62,
        "invisible": false
    }, {
        "type": "south_roof",
        "x": 13,
        "y": 63,
        "invisible": false
    }, {
        "type": "south_roof",
        "x": 14,
        "y": 63,
        "invisible": false
    }, {
        "type": "south_roof",
        "x": 14,
        "y": 62,
        "invisible": false
    }, {
        "type": "south_roof",
        "x": 14,
        "y": 61,
        "invisible": false
    }, {
        "type": "south_roof",
        "x": 14,
        "y": 60,
        "invisible": false
    }, {
        "type": "south_roof",
        "x": 14,
        "y": 59,
        "invisible": false
    }, {
        "type": "south_roof",
        "x": 14,
        "y": 58,
        "invisible": false
    }, {
        "type": "south_roof",
        "x": 14,
        "y": 57,
        "invisible": false
    }, {
        "type": "south_roof",
        "x": 15,
        "y": 57,
        "invisible": false
    }, {
        "type": "south_roof",
        "x": 15,
        "y": 58,
        "invisible": false
    }, {
        "type": "south_roof",
        "x": 15,
        "y": 59,
        "invisible": false
    }, {
        "type": "south_roof",
        "x": 15,
        "y": 60,
        "invisible": false
    }, {
        "type": "south_roof",
        "x": 15,
        "y": 61,
        "invisible": false
    }, {
        "type": "south_roof",
        "x": 15,
        "y": 62,
        "invisible": false
    }, {
        "type": "south_roof",
        "x": 15,
        "y": 63,
        "invisible": false
    }, {
        "type": "south_roof",
        "x": 16,
        "y": 63,
        "invisible": false
    }, {
        "type": "south_roof",
        "x": 16,
        "y": 62,
        "invisible": false
    }, {
        "type": "south_roof",
        "x": 16,
        "y": 61,
        "invisible": false
    }, {
        "type": "south_roof",
        "x": 16,
        "y": 59,
        "invisible": false
    }, {
        "type": "south_roof",
        "x": 16,
        "y": 60,
        "invisible": false
    }, {
        "type": "south_roof",
        "x": 16,
        "y": 57,
        "invisible": false
    }, {
        "type": "south_roof",
        "x": 16,
        "y": 58,
        "invisible": false
    }, {
        "type": "south_roof",
        "x": 17,
        "y": 57,
        "invisible": false
    }, {
        "type": "south_roof",
        "x": 17,
        "y": 59,
        "invisible": false
    }, {
        "type": "south_roof",
        "x": 17,
        "y": 58,
        "invisible": false
    }, {
        "type": "south_roof",
        "x": 17,
        "y": 60,
        "invisible": false
    }, {
        "type": "south_roof",
        "x": 17,
        "y": 61,
        "invisible": false
    }, {
        "type": "south_roof",
        "x": 17,
        "y": 62,
        "invisible": false
    }, {
        "type": "south_roof",
        "x": 17,
        "y": 63,
        "invisible": false
    }, {
        "type": "door",
        "x": 3,
        "y": 35,
        "invisible": false
    }, {
        "type": "yellow_key",
        "x": 13,
        "y": 47,
        "invisible": true
    }, {
        "type": "south_east_roof",
        "x": 4,
        "y": 54,
        "invisible": false
    }, {
        "type": "south_west_roof",
        "x": 2,
        "y": 54,
        "invisible": false
    }, {
        "type": "door",
        "x": 3,
        "y": 54,
        "invisible": false
    }, {
        "type": "south_roof",
        "x": 3,
        "y": 54,
        "invisible": false
    }, {
        "type": "west_roof",
        "x": 2,
        "y": 53,
        "invisible": false
    }, {
        "type": "east_roof",
        "x": 4,
        "y": 53,
        "invisible": false
    }, {
        "type": "north_east_roof",
        "x": 4,
        "y": 52,
        "invisible": false
    }, {
        "type": "north_west_roof",
        "x": 2,
        "y": 52,
        "invisible": false
    }, {
        "type": "door",
        "x": 3,
        "y": 52,
        "invisible": false
    }, {
        "type": "north_roof",
        "x": 3,
        "y": 52,
        "invisible": false
    }],
    "textareas": [{
        "x": 25,
        "y": 39,
        "limit": 0,
        "shouldClean": " ",
        "text": "...- .. --   .- -.. ...-\n. -. - ..- .-. . ..."
    }, {
        "x": 17,
        "y": 17,
        "limit": 13,
        "shouldClean": " ",
        "text": "I do^n1n^'t know half\nof you half as well\n^n4a^s I should ^n5l^ike;\nand I like less than\n^n3h^alf^n2 ^of you half as\nwell as you^n7 ^deserve^n6.^"
    }, {
        "x": 27,
        "y": 4,
        "limit": 0,
        "shouldClean": " ",
        "text": "Numbers can prefix\nany motion & command\nRepeating is easy\nNo obstacle's sound"
    }, {
        "x": 29,
        "y": 29,
        "limit": 10,
        "shouldClean": " ",
        "text": "var i, sum = 0;\n^n1f^or (^n2i^=0; i<arr.length; ++i) {\n  s^n4u^m += arr[^n3i^];\n}\ne.innerHTML = \"sum=\" + ^n5s^um;"
    }, {
        "x": 24,
        "y": 46,
        "limit": 18,
        "shouldClean": " ",
        "text": "HA^dWAI^^rIi\nCA^*5.N HAS.n has^ STDIO?\nI HAS A VAR\nIM IN YR LOOP\n  UP VAR!!1\n  VISIBLE VAR\n^d  PLZ OPEN FILE \"LOLCATS\"?\n    AWSUM THX\n      VISIBLE FILE\n    O NOES\n      INVISIBLE \"ERRROR!\"^\n  ^MIZ VAR BI^*2.GG.CK^ER THAN 10? KTHX\nIM OUTTA YR LOOP\nKTHXBYE"
    }, {
        "x": 1,
        "y": 29,
        "limit": 6,
        "shouldClean": " ",
        "alwaysSink": true,
        "text": "You ^Mkeep ^Musing that word^M.\nI do not think it means\nwh^Mat you ^Mthink it ^Mmeans^M."
    }, {
        "x": 0,
        "y": 10,
        "limit": 9,
        "shouldClean": "x",
        "text": "3.1415926535\n  ^M8979323^M846\n  26433^M83279\n  502^M8^M841971\n  6939937^t510\n  5^M820974944\n  592307^M8164\n  062^M8620^M899\n  ^M862^M8034^M825\n  3421170679\n  ^M8214^M80^M8651\n  32^M82306647\n  093^M8446095\n  505^M8223172\n  5359408128...",
        "alwaysSink": false
    }, {
        "x": 4,
        "y": 58,
        "limit": 0,
        "shouldClean": " ",
        "alwaysSink": false,
        "text": "D E L E T E D\nIs Not Really\n   L O S T   "
    }, {
        "x": 0,
        "y": 37,
        "limit": 0,
        "shouldClean": " ",
        "alwaysSink": false,
        "text": "Deleting is ^dnot so ^easy\nas much as it's fun\nYou just need to know\nwhich motion to run\nIs it d^de22^2w or 3dk?\nEven 3d5e will be OK.\n \n^d(C) Writes served ^^xs2012\nXO^dXOOOO XOOOOO X^XO\n1^dword1 w2 word1 w2 ^^x10x\nGood^dbye bye^bye"
    }]
}