{
    "levelNumber": 8,
    "addX": 201,
    "addY": 297,
    "princess_message": "Well done!\n\nBut I've received some very disturbing news.\nSomething is really REALLY wrong!\nI couldn't verify anything so please\n\nProceed with caution...",
    "bg": ["wwwwwww++++++++++++++++++++wwws.sSwwwwwwwwwwwwwwwwwwww", "wwwwwwwwwwwwwwwwwwwwwwwwwwwwwws.swwwwwwwwwwwwwwwwwwwww", "wwwwwwwwwwwwwwwwwwwwwwwwwwwwwws.swwwwwwwwwwwwwwwwwwwww", "gggggggggggggggggggggwwwwwwwwws.swwwwwwwwwwwwwwwwwwwww", "gggggggggggggggggggggwwwwwwwwws.gwwwwwwwwwwwwwwwwwwwww", "gg+S++++S++S++++++Sggwwwwgggggg.gggggggggggggggggggggw", "gg+S++S+S++S+++++++ggwwwwgggggg.gggggggggggggggggggggwww", "gg++++++S+SS++S++++ggggggggg++++++++++++++++++++++++gwww", "gg+++S++++S+++S+SSSggggggggg+++++++++++++++++ggggggggwww", "ggggggggggggg.ggggggg.......++++++++++++++++++++++++gwwww", "ggggggggggggg.ggggggg.gggggg++++++++++++++++++gggggggwwwww", "wwwwwwwwwwwwg.........gggggg++++++++++++++++gggggggggwwwww", "wwwwwwwwwwwwg.ggggggggMMgggg+++++++++++++++++++ggggggwww", "wwwwwwwwwwwwg.gggggggMMMMMgg+++++++++++++ggggggggggggwww", "wwwwwwwwwwwwg.ggggMMMMMMMMMggggggggggggggggggggggggggwww", "wwwwwwwwwwwwg.gMMMMMMMMMMMMMMgMMMwwwwwwwwwwwwwwwwwwwwwww", "wwwwwwwwwwwwg.+MMMMMMMMM+MM+MMMMMwwwwwwwwwwwwwwwwwwwwww", "wwwwwwwwwwwwggMMMMMMMMMMMMMMMMMMw______wwwwwwwwwwwwww", "wwwwwwwwwwwwggMMMMMMMMMM+MMMMMMMw_WWWW_wwwwwwwwwwwwww", "wwwwwwwwwwwwgMMMMMMMMMMMMMMMMMMww_WWWW_wwwwwwwwwwwwww", "wwwwwwwwwwwwMMMMMMMMMMMMMMMMMMMww_WWWW_wwwwwwwwww", "wwwwwwwwwwwMMMMMMMMMMMMMMMMMMgggg_W____wwwwwwwwww", "wwwwwwwwwwwMMMMMMMMMMMMMMMMggggggg.gggSwwwwwwwwww", "wwwwwwwwwwwMMMMMMMMMMMMMMMMggMgggM.gggSwwwwwwwwww", "wwwwwwwwwwwwMM+MMMMMMMMMMMMMgMMMMMMgggSwwwwwwwwww", "wwwwwwwwwwwwMMMMMMMMMMMMMMM+gMMMMMMMggSwwwwwwwwww", "wwwwwwwwwwwwgM+MMMMMMMM+MMM+MMMMMMMMMSSwwwwwwwwww", "wwwwwwwwwwwwgM+MMMMMMMMMMMMMMMMMMMMMgwwwwwwwwwwww", "wwwwwwwwwwwwgMMMMMMMMMMMMMMMMMMMMMMggwwwwwwwwwwww", "wwwwwwwwwwwMgMMMMMMMMMMMMMMMMMMMMMMMgwwwwwwwwwwww", "wwwwwwwwwwwMMMM+MMMMMMMMMMMMMMM+MMMMMwwwwwwwwwwww", "wwwwwwwwwwwMMMMMMMMMMM+MMMMMMMMMMMMMMwwwwwwwwwwww", "wwwwwwwwwwwwMM+MMMMMMMMMMMMMMMM+M+MMgwwwwwwwwwwww", "wwwwwwwwwwwwMMMMMMMMMMMMMMMMMMMMMMMMgwwwwwwwwwwww", "wwwwwwwwwwwwgMMMMMMMMMMMM+MMMMMMMMMggwwwwwwwwwwww", "wwwwwwwwwwwwgMMMMMMMMMMMM+MMMMMMMMMMwwwwwwwwwwwww", "wwwwwwwwwwwwgggMMMMMMMgMMgMMMMgMMMMwwwwwwwwwwwwww", "wwwwwwwwwwwwgggMggMMMMggMggMMgMMMwwwwwwwwwwwwwwww", "wwwwwwwwwwwwgggggggMM.gggggggggMwwwwwwwwwwwwwwwww", "wwwwww_____wwwwwwwwwM.gwwwwwwwwwwwwwwwwwwwwwwwwww", "wwwwww_WWW_wwwwwwwwwM.gwwwwwwwwwwwwwwwwwwwMMwwwww", "wwwwww_WWW_wwwwwwwwwg.gwwwwwwwwwwwwwwwwwwwMMwMwMM", "wwwwww_WWW_wwwwwwMwwg.gwwwwwwwwwwMMwwwwwwMMwMMwMMww", "wwwwwM__W__gggggMMggg.gggggggggggMMgggggMMMMMMMMMww", "wwwwwMMM.ggggggMMMMgg.ggggggggggMMgggggMMMgMMMMMMwww", "wwwwMMMMM........MMM...........MM++++MMMM+MMMMMMw    M", "wwM MMMMMMMggggg.gMMMgggggg.ggMM+++++MMM++MMMMMgwwMMMMwwwwwM", "wMMMMMMMMMMMMggg.ggMMMMMggg.ggMM++++MMM++MMMMMMMggMMMMggggMM", "wMMMMMMMMMMMMMMM+MMMMMMMMMg.gMM+++++MMM++MMMMMMMMMMMMMgggMMM", "MMMMMMM++M+++++MMMMMMM+++gg.ggg++++MMM+MMMMMMM+++MMMMMMgMMMM", "wMMMMM++++M++MMMMMMMMMMMMMg.ggg++MMMM+MMMMMM++++MMMMMM+MMMMMw", "wMMMMMMMMMMMMMMMMMMM++++>gg.ggg+MMMM+MMMMMMM+++MMMMMMM+MMMMgw", "wMMMMMM  MMMMMMMMMMMMMMMMMM.gggMMMM++MMMMMM++MMMM+MMM++MMMggw", "wwMMMMMM    MwwMMMwwMMMMMMMMggMMMMM+MMMMMM++MMMMMMMM++MMMMMgw", "wwwMMMMww  wwwwwwMwwwwMwwgMMMMMMMMMMMMMMM++MMMMMMMM+++MMM++gw", "wwwwwMwwwwwwwwwwwwwwwwwwwMMMMMMMMggMMMMMggMMMMMMMMMggMMMMgggw", "wwwwwwwwwwwwwwwwwwwwwwwwMMMMMMMMMggMMMMgggggMMMMMMggMMMMggggw", "wwwwwwwwwwwwwwwwwwwwwwwwwMMMMMMMwwwwwMwwwwwwwwMMwwwMMMMwwwwww", "wwwwwwwwwwwwwwwwwwwwwwwwwgMMMMMMMwwwwwwwwwwwwwwwwwwMMMM", "wwwwwwwwwwwwwwwggggggggggggMMMMMMwwwwwwwwwwww  wwwwM", "wwwwwwwwwwwwwwwggg..........MMMMwwwwwwwwwwwww", "wwwwwwwwwwwwwwwggg.gggggMgggMMMMwwwwwwwwwwwww", "wwwwwwwwwwwwwwwggg.gggggMMggMMMMwwwwwwwwwwwww", "wwwwwwwwwwwwwMMMgg.gMMgMMMMgMMMMMwwwwwwwwwwww", "wwwwwwwwwwwwMMMMMg.MMMMMMMMMMMMMMwwwwwwwwwwww", "wwwwwwwwwwwwMMMMMM.MMMMMMMMMMMMMMwwwwwwwwwwwww", "wwwwwwwwwwwMMMMMMM+MMMMMMMMMMMMMwwwwwwwwwwwww w", "wwwwwwwwwwwwMMMMMMMMMMMMMMMMMMMMwwwwwwwwwwwww w", "wwwwwwwwwwwwMMMMMMMMMMMMMMMMMMMMwwwwwwwwwwwwww", "wwwwwwwwwwwwwM+MMMMMMMMM+MMMMMMMwwwwwwwwwwwwwww", "wwwwwwwwwwwwMM+MMMMMMMMMMMM+MMgwwwwwwwwwwwwww w", "wwwwwwwwwwwMMMMMMMMMMMMM+MMMMMgwwwwwwwwwwwwww", "wwwwwwwwwwwwwMMMMM+M+MMMM+MMMggwwwwwwwwwwwwww", "          wwwMMMMMMMMMM+MMMMgggwwwwwwwwwwwwww", "          wwwwMMMMMMMMM.MgMggggwwwwwwwwwwww w", "          wwwwMMMMwwwMg.Mggggggwwwwwwwwwww", "          wwwwwwwwwwwgg.ggwwwwwwwwwww  ww", "          wwwwwwwwwwwgg.ggwwwwwwwwww", "          wwwwwwwwwwwgg.ggwwwwwwwwww", "           w  www wwwgg.gg", "                     gg.gg", "                     gg.gg", "                     Sg.gS"],
    "entities": [{
        "type": "tall_tree",
        "x": 32,
        "y": 4,
        "invisible": false
    }, {
        "type": "keyboard_key",
        "x": 34,
        "y": 9,
        "character": "*",
        "invisible": true
    }, {
        "type": "pink_girl",
        "x": 25,
        "y": 11,
        "data": {
            "name": "hole_in_the_universe_girl",
            "message": "Oh My God!\nThis is terrible!\n\nWhen the bugs saw that their\nlittle changes don't hold you\nback they... they... they...\nATE A HOLE IN THE UNIVERSE!\n\nYou must find some **#*#*\nto help you through this one!"
        }
    }, {
        "type": "cat_girl",
        "x": 20,
        "y": 9,
        "data": {
            "name": "cracked_text_girl",
            "message": "The bugs got so mad that\nyou kept advancing, that\nthey started smashing and\nbreaking the text stones!\n\nFortunately it's known that\nwhen the Shadowy One has a\nletter in it's aura ... Erm..\nI meant it's shadow, then\neven the stones beneath can\nbe mended."
        }
    }, {
        "type": "north_roof",
        "x": 34,
        "y": 17,
        "invisible": false
    }, {
        "type": "north_roof",
        "x": 35,
        "y": 17,
        "invisible": false
    }, {
        "type": "north_roof",
        "x": 36,
        "y": 17,
        "invisible": false
    }, {
        "type": "north_roof",
        "x": 37,
        "y": 17,
        "invisible": false
    }, {
        "type": "south_roof",
        "x": 34,
        "y": 20,
        "invisible": false
    }, {
        "type": "south_roof",
        "x": 35,
        "y": 21,
        "invisible": false
    }, {
        "type": "south_roof",
        "x": 35,
        "y": 20,
        "invisible": false
    }, {
        "type": "south_roof",
        "x": 34,
        "y": 18,
        "invisible": false
    }, {
        "type": "south_roof",
        "x": 34,
        "y": 19,
        "invisible": false
    }, {
        "type": "south_roof",
        "x": 35,
        "y": 19,
        "invisible": false
    }, {
        "type": "south_roof",
        "x": 35,
        "y": 18,
        "invisible": false
    }, {
        "type": "south_roof",
        "x": 36,
        "y": 18,
        "invisible": false
    }, {
        "type": "south_roof",
        "x": 36,
        "y": 19,
        "invisible": false
    }, {
        "type": "south_roof",
        "x": 36,
        "y": 21,
        "invisible": false
    }, {
        "type": "south_roof",
        "x": 36,
        "y": 20,
        "invisible": false
    }, {
        "type": "south_roof",
        "x": 37,
        "y": 21,
        "invisible": false
    }, {
        "type": "south_roof",
        "x": 37,
        "y": 19,
        "invisible": false
    }, {
        "type": "south_roof",
        "x": 37,
        "y": 20,
        "invisible": false
    }, {
        "type": "south_roof",
        "x": 37,
        "y": 18,
        "invisible": false
    }, {
        "type": "north_west_roof",
        "x": 33,
        "y": 17,
        "invisible": false
    }, {
        "type": "north_east_roof",
        "x": 38,
        "y": 17,
        "invisible": false
    }, {
        "type": "south_west_roof",
        "x": 33,
        "y": 21,
        "invisible": false
    }, {
        "type": "south_east_roof",
        "x": 38,
        "y": 21,
        "invisible": false
    }, {
        "type": "east_roof",
        "x": 38,
        "y": 18,
        "invisible": false
    }, {
        "type": "east_roof",
        "x": 38,
        "y": 19,
        "invisible": false
    }, {
        "type": "east_roof",
        "x": 38,
        "y": 20,
        "invisible": false
    }, {
        "type": "west_roof",
        "x": 33,
        "y": 18,
        "invisible": false
    }, {
        "type": "west_roof",
        "x": 33,
        "y": 19,
        "invisible": false
    }, {
        "type": "west_roof",
        "x": 33,
        "y": 20,
        "invisible": false
    }, {
        "type": "short_tree",
        "x": 32,
        "y": 21,
        "invisible": false
    }, {
        "type": "short_tree",
        "x": 31,
        "y": 21,
        "invisible": false
    }, {
        "type": "short_tree",
        "x": 30,
        "y": 21,
        "invisible": false
    }, {
        "type": "short_tree",
        "x": 29,
        "y": 21,
        "invisible": false
    }, {
        "type": "tall_tree",
        "x": 37,
        "y": 25,
        "invisible": false
    }, {
        "type": "keyboard_key",
        "x": 36,
        "y": 18,
        "character": "n"
    }, {
        "type": "short_tree",
        "x": 7,
        "y": 50,
        "invisible": false
    }, {
        "type": "short_tree",
        "x": 44,
        "y": 50,
        "invisible": false
    }, {
        "type": "short_tree",
        "x": 42,
        "y": 53,
        "invisible": false
    }, {
        "type": "short_tree",
        "x": 39,
        "y": 47,
        "invisible": false
    }, {
        "type": "boy",
        "x": 35,
        "y": 18,
        "data": {
            "name": "find_next_boy",
            "message": "Hello there!\nI have something that will\nhelp you.\n\n'n' will repeat the last search\n(i.e. '*' or '#'). 'N' will do\nthe same, but in the opposite\ndirection."
        }
    }, {
        "type": "brown_girl",
        "x": 7,
        "y": 50,
        "data": {
            "name": "global_search_tip_girl",
            "message": "I'm sure you noticed that when\nyou search, all occurences are\nhighlighted, but did you notice\nthat they are highlighted in\nALL the texts?\n\nDid you consider what it means\nwith regards to using 'n' or 'N'\nwith search from a different text?"
        },
        "invisible": true
    }, {
        "type": "short_tree",
        "x": 33,
        "y": 46,
        "invisible": false
    }, {
        "type": "short_tree",
        "x": 54,
        "y": 51,
        "invisible": false
    }, {
        "type": "keyboard_key",
        "x": 54,
        "y": 51,
        "character": "#",
        "invisible": true
    }, {
        "type": "blue_key",
        "x": 24,
        "y": 18,
        "invisible": true
    }, {
        "type": "blue_door",
        "x": 34,
        "y": 21,
        "invisible": false
    }, {
        "type": "south_roof",
        "x": 34,
        "y": 21,
        "invisible": false
    }, {
        "type": "pink_girl",
        "x": 42,
        "y": 53,
        "data": {
            "name": "search_loop_girl",
            "message": "Did you know that history\nrepeats itself? Well, so do\nsearches! If you search for\nsomething and you reach the\nend of the text, the search\ncontinues from the beginning!\n(and if you reach the beginning\nthe search continues from the\nend, which isn't quite like\nhistory but you get the point!)"
        },
        "invisible": true
    }, {
        "type": "door",
        "x": 8,
        "y": 43,
        "invisible": false
    }, {
        "type": "west_roof",
        "x": 6,
        "y": 41,
        "invisible": false
    }, {
        "type": "west_roof",
        "x": 6,
        "y": 42,
        "invisible": false
    }, {
        "type": "west_roof",
        "x": 6,
        "y": 40,
        "invisible": false
    }, {
        "type": "north_west_roof",
        "x": 6,
        "y": 39,
        "invisible": false
    }, {
        "type": "south_west_roof",
        "x": 6,
        "y": 43,
        "invisible": false
    }, {
        "type": "north_roof",
        "x": 7,
        "y": 39,
        "invisible": false
    }, {
        "type": "north_roof",
        "x": 8,
        "y": 39,
        "invisible": false
    }, {
        "type": "north_roof",
        "x": 9,
        "y": 39,
        "invisible": false
    }, {
        "type": "east_roof",
        "x": 10,
        "y": 40,
        "invisible": false
    }, {
        "type": "east_roof",
        "x": 10,
        "y": 41,
        "invisible": false
    }, {
        "type": "east_roof",
        "x": 10,
        "y": 42,
        "invisible": false
    }, {
        "type": "north_east_roof",
        "x": 10,
        "y": 39,
        "invisible": false
    }, {
        "type": "south_east_roof",
        "x": 10,
        "y": 43,
        "invisible": false
    }, {
        "type": "south_roof",
        "x": 7,
        "y": 42,
        "invisible": false
    }, {
        "type": "south_roof",
        "x": 7,
        "y": 43,
        "invisible": false
    }, {
        "type": "south_roof",
        "x": 7,
        "y": 41,
        "invisible": false
    }, {
        "type": "south_roof",
        "x": 7,
        "y": 40,
        "invisible": false
    }, {
        "type": "south_roof",
        "x": 8,
        "y": 40,
        "invisible": false
    }, {
        "type": "south_roof",
        "x": 8,
        "y": 41,
        "invisible": false
    }, {
        "type": "south_roof",
        "x": 8,
        "y": 42,
        "invisible": false
    }, {
        "type": "south_roof",
        "x": 8,
        "y": 43,
        "invisible": false
    }, {
        "type": "south_roof",
        "x": 9,
        "y": 43,
        "invisible": false
    }, {
        "type": "south_roof",
        "x": 9,
        "y": 42,
        "invisible": false
    }, {
        "type": "south_roof",
        "x": 9,
        "y": 41,
        "invisible": false
    }, {
        "type": "south_roof",
        "x": 9,
        "y": 40,
        "invisible": false
    }, {
        "type": "boy",
        "x": 13,
        "y": 45,
        "data": {
            "name": "closest_word_kid",
            "message": "To better understand '*' and '#', you\nneed to know that which word is used\nfor the search.\nThe word used is the first of:\n1. the keyword under the cursor (keyword\nis any combination of letters, digits,\nand/or '@').\n2. the first keyword after the cursor,\nin the current line.\n3. the non-blank word under the cursor\n4. the first non-blank word after the\ncursor, in the current line"
        }
    }, {
        "type": "cat_girl",
        "x": 33,
        "y": 46,
        "data": {
            "name": "diaz_girl",
            "message": "When you find it, '#' is\nexactly like '*' except it\nsearches in the opposite\ndirection."
        },
        "invisible": true
    }, {
        "type": "yellow_key",
        "x": 13,
        "y": 8,
        "invisible": true
    }, {
        "type": "timer_stop",
        "x": 23,
        "y": 75,
        "data": {
            "name": "stop_eeny_timer",
            "timerName": "eeny_timer",
            "stopMessage": "My brother said hi?\nThanks! Haven't seen him in\na while... with that gap and\nall, ya'know.",
            "moreMessage": "My brother said hi?\nThanks! Haven't seen him in\na while... with that gap and\nall, ya'know."
        }
    }, {
        "type": "tall_tree",
        "x": 21,
        "y": 76,
        "invisible": false
    }, {
        "type": "tall_tree",
        "x": 21,
        "y": 79,
        "invisible": false
    }, {
        "type": "tall_tree",
        "x": 25,
        "y": 80,
        "invisible": false
    }, {
        "type": "princess",
        "x": 23,
        "y": 81,
        "data": {
            "name": "level_8_princess",
            "levelToLoad": 9,
            "message": "Well done Shadowy One!\nTo be continued..."
        }
    }, {
        "type": "tall_tree",
        "x": 25,
        "y": 74,
        "invisible": false
    }, {
        "type": "timer_start",
        "x": 18,
        "y": 65,
        "data": {
            "name": "eeny_timer",
            "intervalInSec": 60,
            "targetX": 27,
            "targetY": 47,
            "startMessage": "If you don't reach my twin brother\nin 60 seconds, I'll teleport you\nback to the other side of the gap\nwhere you came from, so you won't\nbe stuck here with me. Maybe you're\nmissing some hints or something...\n\nGood Luck!\nAnd tell him I said hi!",
            "stillMessage": "Don't worry!\nYou still have time."
        }
    }, {
        "type": "timer_start",
        "x": 8,
        "y": 40,
        "data": {
            "name": "to_eeny_teleporter",
            "intervalInSec": 10,
            "targetX": 18,
            "targetY": 60,
            "startMessage": "I'll teleport you to one of my two\ntwin brothers. He'll be able to\nhelp you out. All three of us got\nseparated when the bugs\ndecided to take a bite out of\nthe universe...\n\nGood Luck!\nSend them my regards!",
            "stillMessage": "Hey!\nHow did you return by yourself?!"
        }
    }],
    "textareas": [{
        "x": 28,
        "y": 7,
        "limit": 0,
        "text": "Shoot for the ^dhoney^moon.\nEven if you ^rmkiss,\nyou'll ^dhave a ^land among\nthe st^done pill^ars.\n^dAnd if you don't\nyou might end up in\na giant bush!^"
    }, {
        "x": 14,
        "y": 16,
        "limit": 0,
        "shouldClean": "x",
        "text": "Here's an ^teas^ty\ngame to play.\nHere's an ^teasy\nthing to say....\n \nNew socks.\nTwo socks.\nWhose socks?\n^tSue's socks.\n              \n^tWho sews ^twhose socks?\n^tSue sews Sue's socks.\n \nWho sees who sew\nw^those new socks, ^tsir?\nYou see ^tSue sew\n^tSue's new socks, ^tsi^tr.\n \nThat's not ^teasy,\nMr. Fox, si^tr."
    }, {
        "x": 2,
        "y": 48,
        "limit": 0,
        "shouldClean": " ",
        "text": "Today you are You,\nthat is truer than true\nThere is no one alive\nwho is Youer than You."
    }, {
        "x": 31,
        "y": 45,
        "limit": 0,
        "shouldClean": " ",
        "text": "You have brains\nin your head.\nYou have feet\nin your shoes.\nYou can steer yourself\nany direction you choose.\nYou're on your own.      \nAnd you know what you know.\nAnd YOU are the one         \nwho'll decide where to go..."
    }, {
        "x": 14,
        "y": 66,
        "limit": 0,
        "shouldClean": " ",
        "text": "Eeny, meeny,\nminy, moe,\nCatch a tiger\nby the toe.\nIf he hollers,\nlet him go,\nEeny, meeny,\nminy, moe."
    }, {
        "x": 2,
        "y": 5,
        "limit": 0,
        "shouldClean": "x",
        "text": "^tThat'^ts one smal^tl \nstep ^tfor [^ta] m^tan,\non^te ^tgiant leap   \n^tfor ^tma^tnkind.     "
    }]
}