{
    "levelNumber": 2,
    "addX": 171,
    "addY": 100,
    "textareas": [{
        "x": 1,
        "y": 13,
        "text": "There will come a time,\nBefore open source's golden era,\nWhen the bugs rule the land,\nAnd the darkness is deep.\n                 \nBut from the shadows,\nA shadowy one emerges,\nTo restore the old code,\n              \nAnd the power of VIM will prevail.",
        "limit": 0,
        "shouldClean": " "
    }, {
        "x": 30,
        "y": 17,
        "text": "Now go\nback! \n:)   .",
        "limit": 0,
        "shouldClean": " "
    }, {
        "x": 16,
        "y": 10,
        "text": "VIM Totally Rulez!!!"
    }],
    "entities": [{
        "type": "keyboard_key",
        "x": 7,
        "y": 13,
        "character": "w"
    }, {
        "type": "keyboard_key",
        "x": 12,
        "y": 18,
        "character": "e"
    }, {
        "type": "keyboard_key",
        "x": 35,
        "y": 22,
        "character": "b"
    }, {
        "type": "boy",
        "x": 5,
        "y": 15,
        "data": {
            "name": "prophecy_kid",
            "message": "To fulfill the prophecy you have\nto understand VIM words!\nA word is a sequence of letters,\ndigits and underscores, or a\nsequence of punctuation marks,\nor an empty line.\nFinding 'w', 'b' and 'e' will\nhelp you navigate words."
        }
    }, {
        "type": "rock",
        "x": 6,
        "y": 13
    }, {
        "type": "rock",
        "x": 6,
        "y": 13
    }, {
        "type": "rock",
        "x": 7,
        "y": 14
    }, {
        "type": "rock",
        "x": 9,
        "y": 15
    }, {
        "type": "rock",
        "x": 8,
        "y": 16
    }, {
        "type": "rock",
        "x": 2,
        "y": 17
    }, {
        "type": "rock",
        "x": 16,
        "y": 13
    }, {
        "type": "rock",
        "x": 17,
        "y": 16
    }, {
        "type": "rock",
        "x": 17,
        "y": 17
    }, {
        "type": "rock",
        "x": 4,
        "y": 18
    }, {
        "type": "rock",
        "x": 3,
        "y": 20
    }, {
        "type": "rock",
        "x": 23,
        "y": 15
    }, {
        "type": "rock",
        "x": 21,
        "y": 14
    }, {
        "type": "rock",
        "x": 20,
        "y": 16
    }, {
        "type": "rock",
        "x": 8,
        "y": 22
    }, {
        "type": "rock",
        "x": 2,
        "y": 21
    }, {
        "type": "rock",
        "x": 21,
        "y": 22
    }, {
        "type": "rock",
        "x": 26,
        "y": 22
    }, {
        "type": "rock",
        "x": 9,
        "y": 17
    }, {
        "type": "rock",
        "x": 10,
        "y": 17
    }, {
        "type": "rock",
        "x": 11,
        "y": 17
    }, {
        "type": "rock",
        "x": 12,
        "y": 17
    }, {
        "type": "rock",
        "x": 9,
        "y": 18
    }, {
        "type": "rock",
        "x": 10,
        "y": 19
    }, {
        "type": "rock",
        "x": 11,
        "y": 20
    }, {
        "type": "rock",
        "x": 12,
        "y": 21
    }, {
        "type": "rock",
        "x": 13,
        "y": 21
    }, {
        "type": "rock",
        "x": 14,
        "y": 21
    }, {
        "type": "rock",
        "x": 13,
        "y": 18
    }, {
        "type": "rock",
        "x": 14,
        "y": 19
    }, {
        "type": "rock",
        "x": 15,
        "y": 20
    }, {
        "type": "rock",
        "x": 35,
        "y": 18
    }, {
        "type": "rock",
        "x": 34,
        "y": 19
    }, {
        "type": "rock",
        "x": 19,
        "y": 10
    }, {
        "type": "rock",
        "x": 24,
        "y": 10
    }, {
        "type": "rock",
        "x": 27,
        "y": 10
    }, {
        "type": "yellow_key",
        "x": 13,
        "y": 19
    }, {
        "type": "yellow_key",
        "x": 33,
        "y": 19
    }, {
        "type": "yellow_key",
        "x": 26,
        "y": 10
    }, {
        "type": "door",
        "x": 34,
        "y": 24
    }, {
        "type": "door",
        "x": 34,
        "y": 25
    }, {
        "type": "door",
        "x": 34,
        "y": 26
    }, {
        "type": "princess",
        "x": 34,
        "y": 28,
        "data": {
            "name": "level_2_princess",
            "levelToLoad": 3,
            "message": "Very good oh Shadowy One!\nYou learned some word navigation.\n\nI suggest you head for the\ndreadful Text Islands, but be\ncareful!"
        }
    }],
    "bg": ["wwwwwwwwwwwwwwwwwwwwwwwwwwwwwwwwwwwwwwwwwwwwwwwwwwwwwwwwwwwwwwwwwwwwwwwww", "wwwwwwwwwwwwwwwwwwwwwwwwwwwwwwwwwwwwwwwwwwwwwwwwwwwwwwwwwwwwwwwwwwwwwwwww", "wwwwwwwwwwwwwwwwwwwwwwwwwwwwwwwwwwwwwwwwwwwwwwwwwwwwwwwwwwwwwwwwwwwwwwwww", "wwwwwwwwwwwwwwwwwwwwwwwwwwwwwwwwwwwwwwwwwwwwwwwwwwwwwwwwwwwwwwwwwwwwwwwww", "wwwwwwwwwwwwwwwwwwwwwwwwwwwwwwwwwwwwwwwwwwwwwwwwwwwwwwwwwwwwwwwwwwwwwwwww", "wwwwwwwwwwwwwwwwwwwwwwwwwwwwwwwwwwwwwwwwwwwwwwwwwwwwwwwwwwwwwwwwwwwwwwww", "wwwwwwwwwwwwwwwwwwwwwwwwwwwwwwwwwwwwwwwwwwwwwwwwwwwwwwwwwwwwwwwwwwwwwwww", "<ggg.wwwwwwwwwwwwwwwwwwwwwwwwwwwwwwwwwwwwwwwwwwwwwwwwwwwwwwwwwwwwwwwwwww", "wwg..wwwwwwwwwwwwwwwwwwwwwwwwwwwwwwwwwwwwwwwwwwwwwwwwwwwwwwwwwwwwwwwwwww", "gw...wwwwwwwwwwwwwwwwwwwwwwwwwwwwwwwwwwwwwwwwwwwwwwwwwwwwwwwwwwwwwwwwwww", "wwww.wwwwwwwwwww++++++++++++++++++++wwwwwwwwwwwwwwwwwwwwwwwwwwwwwwwwww", "w....wwwwwwwwwwwwwwwwwwwwwwwwwwwwww.wwwwwwwwwwwwwwwwwwwwwwwwwwwwwwwwwwwww", "w.wwwwwwwwwwwwwwwwwwwwwwwwwwwwwwwww.wwwwwwwwwwwwwwwwwwwwwwwwwwwwwwwwwwwww", "w+++++++++++++++++++++++wwwwwwwwwww.wwwwwwwwwwwwwwwwwwwwwwwwww", "w++++++++++++++++++++++++++++++++ww.wwwwwwwwwwwwwwwwwwwwwwwwwwwwwwwwwww", "w++++++++++++++++++++++++++++wwwwww.wwwwwwwwwwwwwwwwwwwwwwwwwwwwww", "w+++++++++++++++++++++++++wwwwwwwww.wwwwwwwwwwwwwwwwwwwwwwwwwww", "w+++++++++++++++++wwwwwwwwwwww++++++wwwwwwwwwwwwwwwwwww", "w+++++++++++++++++++++wwwwwwww++++++wwwwwwwwwwwwwwwwwwwwwwww", "w++++++++++++++++++++++wwwwwww++++++wwwwwwwwwwwwwwwwwwwwwwwww", "w++++++++++++++++++++++++wwwwwwwwww.wwwwwwwwwwwwwwwwwwwwwwwwwww", "w++++++++++++++wwwwwwwwwwwwwwwwwwww.wwwwwwwwwwwwwwww", "w++++++++++++++++++++++++++++++++++.wwwwwwwwwwwwwwwwwwwwwwwwwwwwwwwwwwwww", "wwwwwwwwwwwwwwwwwwwwwwwwwwwwwwwwwwgwwwwwwwwwwwwwwwwwwwwwwwwwwwwwwwwwwwww", "wwwwwwwwwwwwwwwwwwwwwwwwwwwwwwwwwwgwwwwwwwwwwwwwwwwwwwwwwwwwwwwwwwwwwwww", "wwwwwwwwwwwwwwwwwwwwwwwwwwwwwwwwwwgwwwwwwwwwwwwwwwwwwwwwwwwwwwwwwwwwwwww", "wwwwwwwwwwwwwwwwwwwwwwwwwwwwwwwwwwgwwwwwwwwwwwwwwwwwwwwwwwwwwwwwwwwwwwww", "wwwwwwwwwwwwwwwwwwwwwwwwwwwwwwwwwwgwwwwwwwwwwwwwwwwwwwwwwwwwwwwwwwwwwwww", "wwwwwwwwwwwwwwwwwwwwwwwwwwwwwwwwwwgwwwwwwwwwwwwwwwwwwwwwwwwwwwwwwwwwwwww", "wwwwwwwwwwwwwwwwwwwwwwwwwwwwwwwwwwwwwwwwwwwwwwwwwwwwwwwwwwwwwwwwwwwwwwww", "wwwwwwwwwwwwwwwwwwwwwwwwwwwwwwwwwwwwwwwwwwwwwwwwwwwwwwwwwwwwwwwwwwwwwwww", "wwwwwwwwwwwwwwwwwwwwwwwwwwwwwwwwwwwwwwwwwwwwwwwwwwwwwwwwwwwwwwwwwwwwwwww", "wwwwwwwwwwwwwwwwwwwwwwwwwwwwwwwwwwwwwwwwwwwwwwwwwwwwwwwwwwwwwwwwwwwwwwww", "wwwwwwwwwwwwwwwwwwwwwwwwwwwwwwwwwwwwwwwwwwwwwwwwwwwwwwwwwwwwwwwwwwwwwwww", "wwwwwwwwwwwwwwwwwwwwwwwwwwwwwwwwwwwwwwwwwwwwwwwwwwwwwwwwwwwwwwwwwwwwwwww", "wwwwwwwwwwwwwwwwwwwwwwwwwwwwwwwwwwwwwwwwwwwwwwwwwwwwwwwwwwwwwwwwwwwwwwww", "wwwwwwwwwwwwwwwwwwwwwwwwwwwwwwwwwwwwwwwwwwwwwwwwwwwwwwwwwwwwwwwwwwwwwwww", "wwwwwwwwwwwwwwwwwwwwwwwwwwwwwwwwwwwwwwwwwwwwwwwwwwwwwwwwwwwwwwwwwwwwwwww"]
}